
-- Quran Metadata Schema for Luminous Verses

-- Disable notices for cleaner output if running in psql
SET client_min_messages TO WARNING;

-- Surahs table
DROP TABLE IF EXISTS quran_surahs CASCADE;
CREATE TABLE quran_surahs (
  number INTEGER PRIMARY KEY,
  arabic_name TEXT NOT NULL,
  transliteration TEXT NOT NULL,
  english_name TEXT NOT NULL,
  ayas INTEGER NOT NULL,
  start_index INTEGER, -- This might be derived or from a different source if it means global ayah index
  revelation_type TEXT NOT NULL, -- 'Meccan' or 'Medinan'
  chronological_order INTEGER NOT NULL,
  rukus INTEGER NOT NULL
);
COMMENT ON TABLE quran_surahs IS 'Stores information about each Surah (chapter) of the Quran.';

-- Juzs table (stores the starting ayah of each Juz)
DROP TABLE IF EXISTS quran_juzs CASCADE;
CREATE TABLE quran_juzs (
  juz_number INTEGER PRIMARY KEY,
  surah_number INTEGER NOT NULL REFERENCES quran_surahs(number),
  ayah_number INTEGER NOT NULL
);
COMMENT ON TABLE quran_juzs IS 'Stores the starting Surah and Ayah for each of the 30 Juzs (parts) of the Quran.';

-- Pages table (stores the starting ayah of each traditional Mushaf page)
DROP TABLE IF EXISTS quran_pages CASCADE;
CREATE TABLE quran_pages (
  page_number INTEGER PRIMARY KEY,
  surah_number INTEGER NOT NULL REFERENCES quran_surahs(number),
  ayah_number INTEGER NOT NULL
);
COMMENT ON TABLE quran_pages IS 'Stores the starting Surah and Ayah for each page of a standard Mushaf.';

-- Rukus table (stores the starting ayah of each Ruku)
-- Note: The XML provides ruku count per surah. Detailed ruku start/end might need different parsing or data.
-- For now, let's assume we might store them if the XML structure supports it directly or if it's added.
-- If quran.rukus.ruku exists and has sura/aya attributes:
DROP TABLE IF EXISTS quran_rukus CASCADE;
CREATE TABLE quran_rukus (
  ruku_id SERIAL PRIMARY KEY, -- Or a composite key if preferred
  surah_number INTEGER NOT NULL REFERENCES quran_surahs(number),
  ayah_number INTEGER NOT NULL,
  ruku_number_in_surah INTEGER -- Optional: if the XML provides this
);
COMMENT ON TABLE quran_rukus IS 'Stores the starting Surah and Ayah for each Ruku (section).';


-- Sajdas (Prostration verses)
DROP TABLE IF EXISTS quran_sajdas CASCADE;
CREATE TABLE quran_sajdas (
  sajda_id SERIAL PRIMARY KEY,
  surah_number INTEGER NOT NULL REFERENCES quran_surahs(number),
  ayah_number INTEGER NOT NULL,
  type TEXT -- 'recommended' or 'obligatory' if specified
);
COMMENT ON TABLE quran_sajdas IS 'Stores information about Sajda (prostration) verses.';

-- Manzils (7 major divisions for reciting Quran in a week)
DROP TABLE IF EXISTS quran_manzils CASCADE;
CREATE TABLE quran_manzils (
  manzil_number INTEGER PRIMARY KEY,
  surah_number INTEGER NOT NULL REFERENCES quran_surahs(number),
  ayah_number INTEGER NOT NULL
);
COMMENT ON TABLE quran_manzils IS 'Stores the starting Surah and Ayah for each of the 7 Manzils.';

-- Hizbs and Quarters (More granular divisions)
-- Hizb: 60 parts. Quarter: 240 parts.
DROP TABLE IF EXISTS quran_hizb_quarters CASCADE;
CREATE TABLE quran_hizb_quarters (
  quarter_number INTEGER PRIMARY KEY, -- 1 to 240
  hizb_number INTEGER NOT NULL, -- 1 to 60
  surah_number INTEGER NOT NULL REFERENCES quran_surahs(number),
  ayah_number INTEGER NOT NULL
);
COMMENT ON TABLE quran_hizb_quarters IS 'Stores the starting Surah and Ayah for each Hizb quarter.';

-- Insert statements will follow

-- Data for quran_surahs
INSERT INTO quran_surahs (number, arabic_name, transliteration, english_name, ayas, revelation_type, chronological_order, rukus) VALUES (1, 'الفاتحة', 'Al-Faatiha', 'The Opening', 7, 'Meccan', 5, 1);
INSERT INTO quran_surahs (number, arabic_name, transliteration, english_name, ayas, revelation_type, chronological_order, rukus) VALUES (2, 'البقرة', 'Al-Baqara', 'The Cow', 286, 'Medinan', 87, 40);
INSERT INTO quran_surahs (number, arabic_name, transliteration, english_name, ayas, revelation_type, chronological_order, rukus) VALUES (3, 'آل عمران', 'Aal-i-Imraan', 'The Family of Imraan', 200, 'Medinan', 89, 20);
INSERT INTO quran_surahs (number, arabic_name, transliteration, english_name, ayas, revelation_type, chronological_order, rukus) VALUES (4, 'النساء', 'An-Nisaa', 'The Women', 176, 'Medinan', 92, 24);
INSERT INTO quran_surahs (number, arabic_name, transliteration, english_name, ayas, revelation_type, chronological_order, rukus) VALUES (5, 'المائدة', 'Al-Maaida', 'The Table', 120, 'Medinan', 112, 16);
INSERT INTO quran_surahs (number, arabic_name, transliteration, english_name, ayas, revelation_type, chronological_order, rukus) VALUES (6, 'الأنعام', 'Al-An''aam', 'The Cattle', 165, 'Meccan', 55, 20);
INSERT INTO quran_surahs (number, arabic_name, transliteration, english_name, ayas, revelation_type, chronological_order, rukus) VALUES (7, 'الأعراف', 'Al-A''raaf', 'The Heights', 206, 'Meccan', 39, 24);
INSERT INTO quran_surahs (number, arabic_name, transliteration, english_name, ayas, revelation_type, chronological_order, rukus) VALUES (8, 'الأنفال', 'Al-Anfaal', 'The Spoils of War', 75, 'Medinan', 88, 10);
INSERT INTO quran_surahs (number, arabic_name, transliteration, english_name, ayas, revelation_type, chronological_order, rukus) VALUES (9, 'التوبة', 'At-Tawba', 'The Repentance', 129, 'Medinan', 113, 16);
INSERT INTO quran_surahs (number, arabic_name, transliteration, english_name, ayas, revelation_type, chronological_order, rukus) VALUES (10, 'يونس', 'Yunus', 'Jonas', 109, 'Meccan', 51, 11);
INSERT INTO quran_surahs (number, arabic_name, transliteration, english_name, ayas, revelation_type, chronological_order, rukus) VALUES (11, 'هود', 'Hud', 'Hud', 123, 'Meccan', 52, 10);
INSERT INTO quran_surahs (number, arabic_name, transliteration, english_name, ayas, revelation_type, chronological_order, rukus) VALUES (12, 'يوسف', 'Yusuf', 'Joseph', 111, 'Meccan', 53, 12);
INSERT INTO quran_surahs (number, arabic_name, transliteration, english_name, ayas, revelation_type, chronological_order, rukus) VALUES (13, 'الرعد', 'Ar-Ra''d', 'The Thunder', 43, 'Medinan', 96, 6);
INSERT INTO quran_surahs (number, arabic_name, transliteration, english_name, ayas, revelation_type, chronological_order, rukus) VALUES (14, 'ابراهيم', 'Ibrahim', 'Abraham', 52, 'Meccan', 72, 7);
INSERT INTO quran_surahs (number, arabic_name, transliteration, english_name, ayas, revelation_type, chronological_order, rukus) VALUES (15, 'الحجر', 'Al-Hijr', 'The Rock', 99, 'Meccan', 54, 6);
INSERT INTO quran_surahs (number, arabic_name, transliteration, english_name, ayas, revelation_type, chronological_order, rukus) VALUES (16, 'النحل', 'An-Nahl', 'The Bee', 128, 'Meccan', 70, 16);
INSERT INTO quran_surahs (number, arabic_name, transliteration, english_name, ayas, revelation_type, chronological_order, rukus) VALUES (17, 'الإسراء', 'Al-Israa', 'The Night Journey', 111, 'Meccan', 50, 12);
INSERT INTO quran_surahs (number, arabic_name, transliteration, english_name, ayas, revelation_type, chronological_order, rukus) VALUES (18, 'الكهف', 'Al-Kahf', 'The Cave', 110, 'Meccan', 69, 12);
INSERT INTO quran_surahs (number, arabic_name, transliteration, english_name, ayas, revelation_type, chronological_order, rukus) VALUES (19, 'مريم', 'Maryam', 'Mary', 98, 'Meccan', 44, 6);
INSERT INTO quran_surahs (number, arabic_name, transliteration, english_name, ayas, revelation_type, chronological_order, rukus) VALUES (20, 'طه', 'Taa-Haa', 'Taa-Haa', 135, 'Meccan', 45, 8);
INSERT INTO quran_surahs (number, arabic_name, transliteration, english_name, ayas, revelation_type, chronological_order, rukus) VALUES (21, 'الأنبياء', 'Al-Anbiyaa', 'The Prophets', 112, 'Meccan', 73, 7);
INSERT INTO quran_surahs (number, arabic_name, transliteration, english_name, ayas, revelation_type, chronological_order, rukus) VALUES (22, 'الحج', 'Al-Hajj', 'The Pilgrimage', 78, 'Medinan', 103, 10);
INSERT INTO quran_surahs (number, arabic_name, transliteration, english_name, ayas, revelation_type, chronological_order, rukus) VALUES (23, 'المؤمنون', 'Al-Muminoon', 'The Believers', 118, 'Meccan', 74, 6);
INSERT INTO quran_surahs (number, arabic_name, transliteration, english_name, ayas, revelation_type, chronological_order, rukus) VALUES (24, 'النور', 'An-Noor', 'The Light', 64, 'Medinan', 102, 9);
INSERT INTO quran_surahs (number, arabic_name, transliteration, english_name, ayas, revelation_type, chronological_order, rukus) VALUES (25, 'الفرقان', 'Al-Furqaan', 'The Criterion', 77, 'Meccan', 42, 6);
INSERT INTO quran_surahs (number, arabic_name, transliteration, english_name, ayas, revelation_type, chronological_order, rukus) VALUES (26, 'الشعراء', 'Ash-Shu''araa', 'The Poets', 227, 'Meccan', 47, 11);
INSERT INTO quran_surahs (number, arabic_name, transliteration, english_name, ayas, revelation_type, chronological_order, rukus) VALUES (27, 'النمل', 'An-Naml', 'The Ant', 93, 'Meccan', 48, 7);
INSERT INTO quran_surahs (number, arabic_name, transliteration, english_name, ayas, revelation_type, chronological_order, rukus) VALUES (28, 'القصص', 'Al-Qasas', 'The Stories', 88, 'Meccan', 49, 8);
INSERT INTO quran_surahs (number, arabic_name, transliteration, english_name, ayas, revelation_type, chronological_order, rukus) VALUES (29, 'العنكبوت', 'Al-Ankaboot', 'The Spider', 69, 'Meccan', 85, 7);
INSERT INTO quran_surahs (number, arabic_name, transliteration, english_name, ayas, revelation_type, chronological_order, rukus) VALUES (30, 'الروم', 'Ar-Room', 'The Romans', 60, 'Meccan', 84, 6);
INSERT INTO quran_surahs (number, arabic_name, transliteration, english_name, ayas, revelation_type, chronological_order, rukus) VALUES (31, 'لقمان', 'Luqman', 'Luqman', 34, 'Meccan', 57, 3);
INSERT INTO quran_surahs (number, arabic_name, transliteration, english_name, ayas, revelation_type, chronological_order, rukus) VALUES (32, 'السجدة', 'As-Sajda', 'The Prostration', 30, 'Meccan', 75, 3);
INSERT INTO quran_surahs (number, arabic_name, transliteration, english_name, ayas, revelation_type, chronological_order, rukus) VALUES (33, 'الأحزاب', 'Al-Ahzaab', 'The Clans', 73, 'Medinan', 90, 9);
INSERT INTO quran_surahs (number, arabic_name, transliteration, english_name, ayas, revelation_type, chronological_order, rukus) VALUES (34, 'سبإ', 'Saba', 'Sheba', 54, 'Meccan', 58, 6);
INSERT INTO quran_surahs (number, arabic_name, transliteration, english_name, ayas, revelation_type, chronological_order, rukus) VALUES (35, 'فاطر', 'Faatir', 'The Originator', 45, 'Meccan', 43, 5);
INSERT INTO quran_surahs (number, arabic_name, transliteration, english_name, ayas, revelation_type, chronological_order, rukus) VALUES (36, 'يس', 'Yaseen', 'Yaseen', 83, 'Meccan', 41, 5);
INSERT INTO quran_surahs (number, arabic_name, transliteration, english_name, ayas, revelation_type, chronological_order, rukus) VALUES (37, 'الصافات', 'As-Saaffaat', 'Those drawn up in Ranks', 182, 'Meccan', 56, 5);
INSERT INTO quran_surahs (number, arabic_name, transliteration, english_name, ayas, revelation_type, chronological_order, rukus) VALUES (38, 'ص', 'Saad', 'The letter Saad', 88, 'Meccan', 38, 5);
INSERT INTO quran_surahs (number, arabic_name, transliteration, english_name, ayas, revelation_type, chronological_order, rukus) VALUES (39, 'الزمر', 'Az-Zumar', 'The Groups', 75, 'Meccan', 59, 8);
INSERT INTO quran_surahs (number, arabic_name, transliteration, english_name, ayas, revelation_type, chronological_order, rukus) VALUES (40, 'غافر', 'Al-Ghaafir', 'The Forgiver', 85, 'Meccan', 60, 9);
INSERT INTO quran_surahs (number, arabic_name, transliteration, english_name, ayas, revelation_type, chronological_order, rukus) VALUES (41, 'فصلت', 'Fussilat', 'Explained in detail', 54, 'Meccan', 61, 6);
INSERT INTO quran_surahs (number, arabic_name, transliteration, english_name, ayas, revelation_type, chronological_order, rukus) VALUES (42, 'الشورى', 'Ash-Shura', 'Consultation', 53, 'Meccan', 62, 5);
INSERT INTO quran_surahs (number, arabic_name, transliteration, english_name, ayas, revelation_type, chronological_order, rukus) VALUES (43, 'الزخرف', 'Az-Zukhruf', 'Ornaments of gold', 89, 'Meccan', 63, 7);
INSERT INTO quran_surahs (number, arabic_name, transliteration, english_name, ayas, revelation_type, chronological_order, rukus) VALUES (44, 'الدخان', 'Ad-Dukhaan', 'The Smoke', 59, 'Meccan', 64, 3);
INSERT INTO quran_surahs (number, arabic_name, transliteration, english_name, ayas, revelation_type, chronological_order, rukus) VALUES (45, 'الجاثية', 'Al-Jaathiya', 'Crouching', 37, 'Meccan', 65, 4);
INSERT INTO quran_surahs (number, arabic_name, transliteration, english_name, ayas, revelation_type, chronological_order, rukus) VALUES (46, 'الأحقاف', 'Al-Ahqaf', 'The Dunes', 35, 'Meccan', 66, 4);
INSERT INTO quran_surahs (number, arabic_name, transliteration, english_name, ayas, revelation_type, chronological_order, rukus) VALUES (47, 'محمد', 'Muhammad', 'Muhammad', 38, 'Medinan', 95, 4);
INSERT INTO quran_surahs (number, arabic_name, transliteration, english_name, ayas, revelation_type, chronological_order, rukus) VALUES (48, 'الفتح', 'Al-Fath', 'The Victory', 29, 'Medinan', 111, 4);
INSERT INTO quran_surahs (number, arabic_name, transliteration, english_name, ayas, revelation_type, chronological_order, rukus) VALUES (49, 'الحجرات', 'Al-Hujuraat', 'The Inner Apartments', 18, 'Medinan', 106, 2);
INSERT INTO quran_surahs (number, arabic_name, transliteration, english_name, ayas, revelation_type, chronological_order, rukus) VALUES (50, 'ق', 'Qaaf', 'The letter Qaaf', 45, 'Meccan', 34, 3);
INSERT INTO quran_surahs (number, arabic_name, transliteration, english_name, ayas, revelation_type, chronological_order, rukus) VALUES (51, 'الذاريات', 'Adh-Dhaariyat', 'The Winnowing Winds', 60, 'Meccan', 67, 3);
INSERT INTO quran_surahs (number, arabic_name, transliteration, english_name, ayas, revelation_type, chronological_order, rukus) VALUES (52, 'الطور', 'At-Tur', 'The Mount', 49, 'Meccan', 76, 2);
INSERT INTO quran_surahs (number, arabic_name, transliteration, english_name, ayas, revelation_type, chronological_order, rukus) VALUES (53, 'النجم', 'An-Najm', 'The Star', 62, 'Meccan', 23, 3);
INSERT INTO quran_surahs (number, arabic_name, transliteration, english_name, ayas, revelation_type, chronological_order, rukus) VALUES (54, 'القمر', 'Al-Qamar', 'The Moon', 55, 'Meccan', 37, 3);
INSERT INTO quran_surahs (number, arabic_name, transliteration, english_name, ayas, revelation_type, chronological_order, rukus) VALUES (55, 'الرحمن', 'Ar-Rahmaan', 'The Beneficent', 78, 'Medinan', 97, 3);
INSERT INTO quran_surahs (number, arabic_name, transliteration, english_name, ayas, revelation_type, chronological_order, rukus) VALUES (56, 'الواقعة', 'Al-Waaqia', 'The Inevitable', 96, 'Meccan', 46, 3);
INSERT INTO quran_surahs (number, arabic_name, transliteration, english_name, ayas, revelation_type, chronological_order, rukus) VALUES (57, 'الحديد', 'Al-Hadid', 'The Iron', 29, 'Medinan', 94, 4);
INSERT INTO quran_surahs (number, arabic_name, transliteration, english_name, ayas, revelation_type, chronological_order, rukus) VALUES (58, 'المجادلة', 'Al-Mujaadila', 'The Pleading Woman', 22, 'Medinan', 105, 3);
INSERT INTO quran_surahs (number, arabic_name, transliteration, english_name, ayas, revelation_type, chronological_order, rukus) VALUES (59, 'الحشر', 'Al-Hashr', 'The Exile', 24, 'Medinan', 101, 3);
INSERT INTO quran_surahs (number, arabic_name, transliteration, english_name, ayas, revelation_type, chronological_order, rukus) VALUES (60, 'الممتحنة', 'Al-Mumtahana', 'She that is to be examined', 13, 'Medinan', 91, 2);
INSERT INTO quran_surahs (number, arabic_name, transliteration, english_name, ayas, revelation_type, chronological_order, rukus) VALUES (61, 'الصف', 'As-Saff', 'The Ranks', 14, 'Medinan', 109, 2);
INSERT INTO quran_surahs (number, arabic_name, transliteration, english_name, ayas, revelation_type, chronological_order, rukus) VALUES (62, 'الجمعة', 'Al-Jumu''a', 'Friday', 11, 'Medinan', 110, 2);
INSERT INTO quran_surahs (number, arabic_name, transliteration, english_name, ayas, revelation_type, chronological_order, rukus) VALUES (63, 'المنافقون', 'Al-Munaafiqoon', 'The Hypocrites', 11, 'Medinan', 104, 2);
INSERT INTO quran_surahs (number, arabic_name, transliteration, english_name, ayas, revelation_type, chronological_order, rukus) VALUES (64, 'التغابن', 'At-Taghaabun', 'Mutual Disillusion', 18, 'Medinan', 108, 2);
INSERT INTO quran_surahs (number, arabic_name, transliteration, english_name, ayas, revelation_type, chronological_order, rukus) VALUES (65, 'الطلاق', 'At-Talaaq', 'Divorce', 12, 'Medinan', 99, 2);
INSERT INTO quran_surahs (number, arabic_name, transliteration, english_name, ayas, revelation_type, chronological_order, rukus) VALUES (66, 'التحريم', 'At-Tahrim', 'The Prohibition', 12, 'Medinan', 107, 2);
INSERT INTO quran_surahs (number, arabic_name, transliteration, english_name, ayas, revelation_type, chronological_order, rukus) VALUES (67, 'الملك', 'Al-Mulk', 'The Sovereignty', 30, 'Meccan', 77, 2);
INSERT INTO quran_surahs (number, arabic_name, transliteration, english_name, ayas, revelation_type, chronological_order, rukus) VALUES (68, 'القلم', 'Al-Qalam', 'The Pen', 52, 'Meccan', 2, 2);
INSERT INTO quran_surahs (number, arabic_name, transliteration, english_name, ayas, revelation_type, chronological_order, rukus) VALUES (69, 'الحاقة', 'Al-Haaqqa', 'The Reality', 52, 'Meccan', 78, 2);
INSERT INTO quran_surahs (number, arabic_name, transliteration, english_name, ayas, revelation_type, chronological_order, rukus) VALUES (70, 'المعارج', 'Al-Ma''aarij', 'The Ascending Stairways', 44, 'Meccan', 79, 2);
INSERT INTO quran_surahs (number, arabic_name, transliteration, english_name, ayas, revelation_type, chronological_order, rukus) VALUES (71, 'نوح', 'Nooh', 'Noah', 28, 'Meccan', 71, 2);
INSERT INTO quran_surahs (number, arabic_name, transliteration, english_name, ayas, revelation_type, chronological_order, rukus) VALUES (72, 'الجن', 'Al-Jinn', 'The Jinn', 28, 'Meccan', 40, 2);
INSERT INTO quran_surahs (number, arabic_name, transliteration, english_name, ayas, revelation_type, chronological_order, rukus) VALUES (73, 'المزمل', 'Al-Muzzammil', 'The Enshrouded One', 20, 'Meccan', 3, 2);
INSERT INTO quran_surahs (number, arabic_name, transliteration, english_name, ayas, revelation_type, chronological_order, rukus) VALUES (74, 'المدثر', 'Al-Muddaththir', 'The Cloaked One', 56, 'Meccan', 4, 2);
INSERT INTO quran_surahs (number, arabic_name, transliteration, english_name, ayas, revelation_type, chronological_order, rukus) VALUES (75, 'القيامة', 'Al-Qiyaama', 'The Resurrection', 40, 'Meccan', 31, 2);
INSERT INTO quran_surahs (number, arabic_name, transliteration, english_name, ayas, revelation_type, chronological_order, rukus) VALUES (76, 'الانسان', 'Al-Insaan', 'Man', 31, 'Medinan', 98, 2);
INSERT INTO quran_surahs (number, arabic_name, transliteration, english_name, ayas, revelation_type, chronological_order, rukus) VALUES (77, 'المرسلات', 'Al-Mursalaat', 'The Emissaries', 50, 'Meccan', 33, 2);
INSERT INTO quran_surahs (number, arabic_name, transliteration, english_name, ayas, revelation_type, chronological_order, rukus) VALUES (78, 'النبإ', 'An-Naba', 'The Announcement', 40, 'Meccan', 80, 2);
INSERT INTO quran_surahs (number, arabic_name, transliteration, english_name, ayas, revelation_type, chronological_order, rukus) VALUES (79, 'النازعات', 'An-Naazi''aat', 'Those who drag forth', 46, 'Meccan', 81, 2);
INSERT INTO quran_surahs (number, arabic_name, transliteration, english_name, ayas, revelation_type, chronological_order, rukus) VALUES (80, 'عبس', 'Abasa', 'He frowned', 42, 'Meccan', 24, 1);
INSERT INTO quran_surahs (number, arabic_name, transliteration, english_name, ayas, revelation_type, chronological_order, rukus) VALUES (81, 'التكوير', 'At-Takwir', 'The Overthrowing', 29, 'Meccan', 7, 1);
INSERT INTO quran_surahs (number, arabic_name, transliteration, english_name, ayas, revelation_type, chronological_order, rukus) VALUES (82, 'الإنفطار', 'Al-Infitaar', 'The Cleaving', 19, 'Meccan', 82, 1);
INSERT INTO quran_surahs (number, arabic_name, transliteration, english_name, ayas, revelation_type, chronological_order, rukus) VALUES (83, 'المطففين', 'Al-Mutaffifin', 'Defrauding', 36, 'Meccan', 86, 1);
INSERT INTO quran_surahs (number, arabic_name, transliteration, english_name, ayas, revelation_type, chronological_order, rukus) VALUES (84, 'الإنشقاق', 'Al-Inshiqaaq', 'The Splitting Open', 25, 'Meccan', 83, 1);
INSERT INTO quran_surahs (number, arabic_name, transliteration, english_name, ayas, revelation_type, chronological_order, rukus) VALUES (85, 'البروج', 'Al-Burooj', 'The Constellations', 22, 'Meccan', 27, 1);
INSERT INTO quran_surahs (number, arabic_name, transliteration, english_name, ayas, revelation_type, chronological_order, rukus) VALUES (86, 'الطارق', 'At-Taariq', 'The Morning Star', 17, 'Meccan', 36, 1);
INSERT INTO quran_surahs (number, arabic_name, transliteration, english_name, ayas, revelation_type, chronological_order, rukus) VALUES (87, 'الأعلى', 'Al-A''laa', 'The Most High', 19, 'Meccan', 8, 1);
INSERT INTO quran_surahs (number, arabic_name, transliteration, english_name, ayas, revelation_type, chronological_order, rukus) VALUES (88, 'الغاشية', 'Al-Ghaashiya', 'The Overwhelming', 26, 'Meccan', 68, 1);
INSERT INTO quran_surahs (number, arabic_name, transliteration, english_name, ayas, revelation_type, chronological_order, rukus) VALUES (89, 'الفجر', 'Al-Fajr', 'The Dawn', 30, 'Meccan', 10, 1);
INSERT INTO quran_surahs (number, arabic_name, transliteration, english_name, ayas, revelation_type, chronological_order, rukus) VALUES (90, 'البلد', 'Al-Balad', 'The City', 20, 'Meccan', 35, 1);
INSERT INTO quran_surahs (number, arabic_name, transliteration, english_name, ayas, revelation_type, chronological_order, rukus) VALUES (91, 'الشمس', 'Ash-Shams', 'The Sun', 15, 'Meccan', 26, 1);
INSERT INTO quran_surahs (number, arabic_name, transliteration, english_name, ayas, revelation_type, chronological_order, rukus) VALUES (92, 'الليل', 'Al-Lail', 'The Night', 21, 'Meccan', 9, 1);
INSERT INTO quran_surahs (number, arabic_name, transliteration, english_name, ayas, revelation_type, chronological_order, rukus) VALUES (93, 'الضحى', 'Ad-Dhuhaa', 'The Morning Hours', 11, 'Meccan', 11, 1);
INSERT INTO quran_surahs (number, arabic_name, transliteration, english_name, ayas, revelation_type, chronological_order, rukus) VALUES (94, 'الشرح', 'Ash-Sharh', 'The Consolation', 8, 'Meccan', 12, 1);
INSERT INTO quran_surahs (number, arabic_name, transliteration, english_name, ayas, revelation_type, chronological_order, rukus) VALUES (95, 'التين', 'At-Tin', 'The Fig', 8, 'Meccan', 28, 1);
INSERT INTO quran_surahs (number, arabic_name, transliteration, english_name, ayas, revelation_type, chronological_order, rukus) VALUES (96, 'العلق', 'Al-Alaq', 'The Clot', 19, 'Meccan', 1, 1);
INSERT INTO quran_surahs (number, arabic_name, transliteration, english_name, ayas, revelation_type, chronological_order, rukus) VALUES (97, 'القدر', 'Al-Qadr', 'The Power, Fate', 5, 'Meccan', 25, 1);
INSERT INTO quran_surahs (number, arabic_name, transliteration, english_name, ayas, revelation_type, chronological_order, rukus) VALUES (98, 'البينة', 'Al-Bayyina', 'The Evidence', 8, 'Medinan', 100, 1);
INSERT INTO quran_surahs (number, arabic_name, transliteration, english_name, ayas, revelation_type, chronological_order, rukus) VALUES (99, 'الزلزلة', 'Az-Zalzala', 'The Earthquake', 8, 'Medinan', 93, 1);
INSERT INTO quran_surahs (number, arabic_name, transliteration, english_name, ayas, revelation_type, chronological_order, rukus) VALUES (100, 'العاديات', 'Al-Aadiyaat', 'The Chargers', 11, 'Meccan', 14, 1);
INSERT INTO quran_surahs (number, arabic_name, transliteration, english_name, ayas, revelation_type, chronological_order, rukus) VALUES (101, 'القارعة', 'Al-Qaari''a', 'The Calamity', 11, 'Meccan', 30, 1);
INSERT INTO quran_surahs (number, arabic_name, transliteration, english_name, ayas, revelation_type, chronological_order, rukus) VALUES (102, 'التكاثر', 'At-Takaathur', 'Competition', 8, 'Meccan', 16, 1);
INSERT INTO quran_surahs (number, arabic_name, transliteration, english_name, ayas, revelation_type, chronological_order, rukus) VALUES (103, 'العصر', 'Al-Asr', 'The Declining Day, Epoch', 3, 'Meccan', 13, 1);
INSERT INTO quran_surahs (number, arabic_name, transliteration, english_name, ayas, revelation_type, chronological_order, rukus) VALUES (104, 'الهمزة', 'Al-Humaza', 'The Traducer', 9, 'Meccan', 32, 1);
INSERT INTO quran_surahs (number, arabic_name, transliteration, english_name, ayas, revelation_type, chronological_order, rukus) VALUES (105, 'الفيل', 'Al-Fil', 'The Elephant', 5, 'Meccan', 19, 1);
INSERT INTO quran_surahs (number, arabic_name, transliteration, english_name, ayas, revelation_type, chronological_order, rukus) VALUES (106, 'قريش', 'Quraish', 'Quraysh', 4, 'Meccan', 29, 1);
INSERT INTO quran_surahs (number, arabic_name, transliteration, english_name, ayas, revelation_type, chronological_order, rukus) VALUES (107, 'الماعون', 'Al-Maa''un', 'Almsgiving', 7, 'Meccan', 17, 1);
INSERT INTO quran_surahs (number, arabic_name, transliteration, english_name, ayas, revelation_type, chronological_order, rukus) VALUES (108, 'الكوثر', 'Al-Kawthar', 'Abundance', 3, 'Meccan', 15, 1);
INSERT INTO quran_surahs (number, arabic_name, transliteration, english_name, ayas, revelation_type, chronological_order, rukus) VALUES (109, 'الكافرون', 'Al-Kaafiroon', 'The Disbelievers', 6, 'Meccan', 18, 1);
INSERT INTO quran_surahs (number, arabic_name, transliteration, english_name, ayas, revelation_type, chronological_order, rukus) VALUES (110, 'النصر', 'An-Nasr', 'Divine Support', 3, 'Medinan', 114, 1);
INSERT INTO quran_surahs (number, arabic_name, transliteration, english_name, ayas, revelation_type, chronological_order, rukus) VALUES (111, 'المسد', 'Al-Masad', 'The Palm Fibre', 5, 'Meccan', 6, 1);
INSERT INTO quran_surahs (number, arabic_name, transliteration, english_name, ayas, revelation_type, chronological_order, rukus) VALUES (112, 'الإخلاص', 'Al-Ikhlaas', 'Sincerity', 4, 'Meccan', 22, 1);
INSERT INTO quran_surahs (number, arabic_name, transliteration, english_name, ayas, revelation_type, chronological_order, rukus) VALUES (113, 'الفلق', 'Al-Falaq', 'The Dawn', 5, 'Meccan', 20, 1);
INSERT INTO quran_surahs (number, arabic_name, transliteration, english_name, ayas, revelation_type, chronological_order, rukus) VALUES (114, 'الناس', 'An-Naas', 'Mankind', 6, 'Meccan', 21, 1);

-- Data for quran_juzs
INSERT INTO quran_juzs (juz_number, surah_number, ayah_number) VALUES (1, 1, 1);
INSERT INTO quran_juzs (juz_number, surah_number, ayah_number) VALUES (2, 2, 142);
INSERT INTO quran_juzs (juz_number, surah_number, ayah_number) VALUES (3, 2, 253);
INSERT INTO quran_juzs (juz_number, surah_number, ayah_number) VALUES (4, 3, 93);
INSERT INTO quran_juzs (juz_number, surah_number, ayah_number) VALUES (5, 4, 24);
INSERT INTO quran_juzs (juz_number, surah_number, ayah_number) VALUES (6, 4, 148);
INSERT INTO quran_juzs (juz_number, surah_number, ayah_number) VALUES (7, 5, 82);
INSERT INTO quran_juzs (juz_number, surah_number, ayah_number) VALUES (8, 6, 111);
INSERT INTO quran_juzs (juz_number, surah_number, ayah_number) VALUES (9, 7, 88);
INSERT INTO quran_juzs (juz_number, surah_number, ayah_number) VALUES (10, 8, 41);
INSERT INTO quran_juzs (juz_number, surah_number, ayah_number) VALUES (11, 9, 93);
INSERT INTO quran_juzs (juz_number, surah_number, ayah_number) VALUES (12, 11, 6);
INSERT INTO quran_juzs (juz_number, surah_number, ayah_number) VALUES (13, 12, 53);
INSERT INTO quran_juzs (juz_number, surah_number, ayah_number) VALUES (14, 15, 1);
INSERT INTO quran_juzs (juz_number, surah_number, ayah_number) VALUES (15, 17, 1);
INSERT INTO quran_juzs (juz_number, surah_number, ayah_number) VALUES (16, 18, 75);
INSERT INTO quran_juzs (juz_number, surah_number, ayah_number) VALUES (17, 21, 1);
INSERT INTO quran_juzs (juz_number, surah_number, ayah_number) VALUES (18, 23, 1);
INSERT INTO quran_juzs (juz_number, surah_number, ayah_number) VALUES (19, 25, 21);
INSERT INTO quran_juzs (juz_number, surah_number, ayah_number) VALUES (20, 27, 56);
INSERT INTO quran_juzs (juz_number, surah_number, ayah_number) VALUES (21, 29, 46);
INSERT INTO quran_juzs (juz_number, surah_number, ayah_number) VALUES (22, 33, 31);
INSERT INTO quran_juzs (juz_number, surah_number, ayah_number) VALUES (23, 36, 28);
INSERT INTO quran_juzs (juz_number, surah_number, ayah_number) VALUES (24, 39, 32);
INSERT INTO quran_juzs (juz_number, surah_number, ayah_number) VALUES (25, 41, 47);
INSERT INTO quran_juzs (juz_number, surah_number, ayah_number) VALUES (26, 46, 1);
INSERT INTO quran_juzs (juz_number, surah_number, ayah_number) VALUES (27, 51, 31);
INSERT INTO quran_juzs (juz_number, surah_number, ayah_number) VALUES (28, 58, 1);
INSERT INTO quran_juzs (juz_number, surah_number, ayah_number) VALUES (29, 67, 1);
INSERT INTO quran_juzs (juz_number, surah_number, ayah_number) VALUES (30, 78, 1);

-- Data for quran_pages
INSERT INTO quran_pages (page_number, surah_number, ayah_number) VALUES (1, 1, 1);
INSERT INTO quran_pages (page_number, surah_number, ayah_number) VALUES (2, 2, 1);
INSERT INTO quran_pages (page_number, surah_number, ayah_number) VALUES (3, 2, 6);
INSERT INTO quran_pages (page_number, surah_number, ayah_number) VALUES (4, 2, 17);
INSERT INTO quran_pages (page_number, surah_number, ayah_number) VALUES (5, 2, 25);
INSERT INTO quran_pages (page_number, surah_number, ayah_number) VALUES (6, 2, 30);
INSERT INTO quran_pages (page_number, surah_number, ayah_number) VALUES (7, 2, 38);
INSERT INTO quran_pages (page_number, surah_number, ayah_number) VALUES (8, 2, 49);
INSERT INTO quran_pages (page_number, surah_number, ayah_number) VALUES (9, 2, 58);
INSERT INTO quran_pages (page_number, surah_number, ayah_number) VALUES (10, 2, 62);
INSERT INTO quran_pages (page_number, surah_number, ayah_number) VALUES (11, 2, 70);
INSERT INTO quran_pages (page_number, surah_number, ayah_number) VALUES (12, 2, 77);
INSERT INTO quran_pages (page_number, surah_number, ayah_number) VALUES (13, 2, 84);
INSERT INTO quran_pages (page_number, surah_number, ayah_number) VALUES (14, 2, 89);
INSERT INTO quran_pages (page_number, surah_number, ayah_number) VALUES (15, 2, 94);
INSERT INTO quran_pages (page_number, surah_number, ayah_number) VALUES (16, 2, 102);
INSERT INTO quran_pages (page_number, surah_number, ayah_number) VALUES (17, 2, 106);
INSERT INTO quran_pages (page_number, surah_number, ayah_number) VALUES (18, 2, 113);
INSERT INTO quran_pages (page_number, surah_number, ayah_number) VALUES (19, 2, 120);
INSERT INTO quran_pages (page_number, surah_number, ayah_number) VALUES (20, 2, 127);
INSERT INTO quran_pages (page_number, surah_number, ayah_number) VALUES (21, 2, 135);
INSERT INTO quran_pages (page_number, surah_number, ayah_number) VALUES (22, 2, 142);
INSERT INTO quran_pages (page_number, surah_number, ayah_number) VALUES (23, 2, 146);
INSERT INTO quran_pages (page_number, surah_number, ayah_number) VALUES (24, 2, 154);
INSERT INTO quran_pages (page_number, surah_number, ayah_number) VALUES (25, 2, 164);
INSERT INTO quran_pages (page_number, surah_number, ayah_number) VALUES (26, 2, 170);
INSERT INTO quran_pages (page_number, surah_number, ayah_number) VALUES (27, 2, 177);
INSERT INTO quran_pages (page_number, surah_number, ayah_number) VALUES (28, 2, 182);
INSERT INTO quran_pages (page_number, surah_number, ayah_number) VALUES (29, 2, 187);
INSERT INTO quran_pages (page_number, surah_number, ayah_number) VALUES (30, 2, 191);
INSERT INTO quran_pages (page_number, surah_number, ayah_number) VALUES (31, 2, 197);
INSERT INTO quran_pages (page_number, surah_number, ayah_number) VALUES (32, 2, 203);
INSERT INTO quran_pages (page_number, surah_number, ayah_number) VALUES (33, 2, 211);
INSERT INTO quran_pages (page_number, surah_number, ayah_number) VALUES (34, 2, 216);
INSERT INTO quran_pages (page_number, surah_number, ayah_number) VALUES (35, 2, 220);
INSERT INTO quran_pages (page_number, surah_number, ayah_number) VALUES (36, 2, 225);
INSERT INTO quran_pages (page_number, surah_number, ayah_number) VALUES (37, 2, 231);
INSERT INTO quran_pages (page_number, surah_number, ayah_number) VALUES (38, 2, 234);
INSERT INTO quran_pages (page_number, surah_number, ayah_number) VALUES (39, 2, 238);
INSERT INTO quran_pages (page_number, surah_number, ayah_number) VALUES (40, 2, 246);
INSERT INTO quran_pages (page_number, surah_number, ayah_number) VALUES (41, 2, 249);
INSERT INTO quran_pages (page_number, surah_number, ayah_number) VALUES (42, 2, 253);
INSERT INTO quran_pages (page_number, surah_number, ayah_number) VALUES (43, 2, 257);
INSERT INTO quran_pages (page_number, surah_number, ayah_number) VALUES (44, 2, 260);
INSERT INTO quran_pages (page_number, surah_number, ayah_number) VALUES (45, 2, 265);
INSERT INTO quran_pages (page_number, surah_number, ayah_number) VALUES (46, 2, 270);
INSERT INTO quran_pages (page_number, surah_number, ayah_number) VALUES (47, 2, 275);
INSERT INTO quran_pages (page_number, surah_number, ayah_number) VALUES (48, 2, 282);
INSERT INTO quran_pages (page_number, surah_number, ayah_number) VALUES (49, 2, 283);
INSERT INTO quran_pages (page_number, surah_number, ayah_number) VALUES (50, 3, 1);
INSERT INTO quran_pages (page_number, surah_number, ayah_number) VALUES (51, 3, 10);
INSERT INTO quran_pages (page_number, surah_number, ayah_number) VALUES (52, 3, 16);
INSERT INTO quran_pages (page_number, surah_number, ayah_number) VALUES (53, 3, 23);
INSERT INTO quran_pages (page_number, surah_number, ayah_number) VALUES (54, 3, 30);
INSERT INTO quran_pages (page_number, surah_number, ayah_number) VALUES (55, 3, 38);
INSERT INTO quran_pages (page_number, surah_number, ayah_number) VALUES (56, 3, 46);
INSERT INTO quran_pages (page_number, surah_number, ayah_number) VALUES (57, 3, 53);
INSERT INTO quran_pages (page_number, surah_number, ayah_number) VALUES (58, 3, 62);
INSERT INTO quran_pages (page_number, surah_number, ayah_number) VALUES (59, 3, 71);
INSERT INTO quran_pages (page_number, surah_number, ayah_number) VALUES (60, 3, 78);
INSERT INTO quran_pages (page_number, surah_number, ayah_number) VALUES (61, 3, 84);
INSERT INTO quran_pages (page_number, surah_number, ayah_number) VALUES (62, 3, 92);
INSERT INTO quran_pages (page_number, surah_number, ayah_number) VALUES (63, 3, 101);
INSERT INTO quran_pages (page_number, surah_number, ayah_number) VALUES (64, 3, 109);
INSERT INTO quran_pages (page_number, surah_number, ayah_number) VALUES (65, 3, 116);
INSERT INTO quran_pages (page_number, surah_number, ayah_number) VALUES (66, 3, 122);
INSERT INTO quran_pages (page_number, surah_number, ayah_number) VALUES (67, 3, 133);
INSERT INTO quran_pages (page_number, surah_number, ayah_number) VALUES (68, 3, 141);
INSERT INTO quran_pages (page_number, surah_number, ayah_number) VALUES (69, 3, 149);
INSERT INTO quran_pages (page_number, surah_number, ayah_number) VALUES (70, 3, 154);
INSERT INTO quran_pages (page_number, surah_number, ayah_number) VALUES (71, 3, 158);
INSERT INTO quran_pages (page_number, surah_number, ayah_number) VALUES (72, 3, 166);
INSERT INTO quran_pages (page_number, surah_number, ayah_number) VALUES (73, 3, 174);
INSERT INTO quran_pages (page_number, surah_number, ayah_number) VALUES (74, 3, 181);
INSERT INTO quran_pages (page_number, surah_number, ayah_number) VALUES (75, 3, 187);
INSERT INTO quran_pages (page_number, surah_number, ayah_number) VALUES (76, 3, 195);
INSERT INTO quran_pages (page_number, surah_number, ayah_number) VALUES (77, 4, 1);
INSERT INTO quran_pages (page_number, surah_number, ayah_number) VALUES (78, 4, 7);
INSERT INTO quran_pages (page_number, surah_number, ayah_number) VALUES (79, 4, 12);
INSERT INTO quran_pages (page_number, surah_number, ayah_number) VALUES (80, 4, 15);
INSERT INTO quran_pages (page_number, surah_number, ayah_number) VALUES (81, 4, 20);
INSERT INTO quran_pages (page_number, surah_number, ayah_number) VALUES (82, 4, 24);
INSERT INTO quran_pages (page_number, surah_number, ayah_number) VALUES (83, 4, 27);
INSERT INTO quran_pages (page_number, surah_number, ayah_number) VALUES (84, 4, 34);
INSERT INTO quran_pages (page_number, surah_number, ayah_number) VALUES (85, 4, 38);
INSERT INTO quran_pages (page_number, surah_number, ayah_number) VALUES (86, 4, 45);
INSERT INTO quran_pages (page_number, surah_number, ayah_number) VALUES (87, 4, 52);
INSERT INTO quran_pages (page_number, surah_number, ayah_number) VALUES (88, 4, 60);
INSERT INTO quran_pages (page_number, surah_number, ayah_number) VALUES (89, 4, 66);
INSERT INTO quran_pages (page_number, surah_number, ayah_number) VALUES (90, 4, 75);
INSERT INTO quran_pages (page_number, surah_number, ayah_number) VALUES (91, 4, 80);
INSERT INTO quran_pages (page_number, surah_number, ayah_number) VALUES (92, 4, 87);
INSERT INTO quran_pages (page_number, surah_number, ayah_number) VALUES (93, 4, 92);
INSERT INTO quran_pages (page_number, surah_number, ayah_number) VALUES (94, 4, 95);
INSERT INTO quran_pages (page_number, surah_number, ayah_number) VALUES (95, 4, 102);
INSERT INTO quran_pages (page_number, surah_number, ayah_number) VALUES (96, 4, 106);
INSERT INTO quran_pages (page_number, surah_number, ayah_number) VALUES (97, 4, 114);
INSERT INTO quran_pages (page_number, surah_number, ayah_number) VALUES (98, 4, 122);
INSERT INTO quran_pages (page_number, surah_number, ayah_number) VALUES (99, 4, 128);
INSERT INTO quran_pages (page_number, surah_number, ayah_number) VALUES (100, 4, 135);
INSERT INTO quran_pages (page_number, surah_number, ayah_number) VALUES (101, 4, 141);
INSERT INTO quran_pages (page_number, surah_number, ayah_number) VALUES (102, 4, 148);
INSERT INTO quran_pages (page_number, surah_number, ayah_number) VALUES (103, 4, 155);
INSERT INTO quran_pages (page_number, surah_number, ayah_number) VALUES (104, 4, 163);
INSERT INTO quran_pages (page_number, surah_number, ayah_number) VALUES (105, 4, 171);
INSERT INTO quran_pages (page_number, surah_number, ayah_number) VALUES (106, 4, 176);
INSERT INTO quran_pages (page_number, surah_number, ayah_number) VALUES (107, 5, 3);
INSERT INTO quran_pages (page_number, surah_number, ayah_number) VALUES (108, 5, 6);
INSERT INTO quran_pages (page_number, surah_number, ayah_number) VALUES (109, 5, 10);
INSERT INTO quran_pages (page_number, surah_number, ayah_number) VALUES (110, 5, 14);
INSERT INTO quran_pages (page_number, surah_number, ayah_number) VALUES (111, 5, 18);
INSERT INTO quran_pages (page_number, surah_number, ayah_number) VALUES (112, 5, 24);
INSERT INTO quran_pages (page_number, surah_number, ayah_number) VALUES (113, 5, 32);
INSERT INTO quran_pages (page_number, surah_number, ayah_number) VALUES (114, 5, 37);
INSERT INTO quran_pages (page_number, surah_number, ayah_number) VALUES (115, 5, 42);
INSERT INTO quran_pages (page_number, surah_number, ayah_number) VALUES (116, 5, 46);
INSERT INTO quran_pages (page_number, surah_number, ayah_number) VALUES (117, 5, 51);
INSERT INTO quran_pages (page_number, surah_number, ayah_number) VALUES (118, 5, 58);
INSERT INTO quran_pages (page_number, surah_number, ayah_number) VALUES (119, 5, 65);
INSERT INTO quran_pages (page_number, surah_number, ayah_number) VALUES (120, 5, 71);
INSERT INTO quran_pages (page_number, surah_number, ayah_number) VALUES (121, 5, 77);
INSERT INTO quran_pages (page_number, surah_number, ayah_number) VALUES (122, 5, 83);
INSERT INTO quran_pages (page_number, surah_number, ayah_number) VALUES (123, 5, 90);
INSERT INTO quran_pages (page_number, surah_number, ayah_number) VALUES (124, 5, 96);
INSERT INTO quran_pages (page_number, surah_number, ayah_number) VALUES (125, 5, 104);
INSERT INTO quran_pages (page_number, surah_number, ayah_number) VALUES (126, 5, 109);
INSERT INTO quran_pages (page_number, surah_number, ayah_number) VALUES (127, 5, 114);
INSERT INTO quran_pages (page_number, surah_number, ayah_number) VALUES (128, 6, 1);
INSERT INTO quran_pages (page_number, surah_number, ayah_number) VALUES (129, 6, 9);
INSERT INTO quran_pages (page_number, surah_number, ayah_number) VALUES (130, 6, 19);
INSERT INTO quran_pages (page_number, surah_number, ayah_number) VALUES (131, 6, 28);
INSERT INTO quran_pages (page_number, surah_number, ayah_number) VALUES (132, 6, 36);
INSERT INTO quran_pages (page_number, surah_number, ayah_number) VALUES (133, 6, 45);
INSERT INTO quran_pages (page_number, surah_number, ayah_number) VALUES (134, 6, 53);
INSERT INTO quran_pages (page_number, surah_number, ayah_number) VALUES (135, 6, 60);
INSERT INTO quran_pages (page_number, surah_number, ayah_number) VALUES (136, 6, 69);
INSERT INTO quran_pages (page_number, surah_number, ayah_number) VALUES (137, 6, 74);
INSERT INTO quran_pages (page_number, surah_number, ayah_number) VALUES (138, 6, 82);
INSERT INTO quran_pages (page_number, surah_number, ayah_number) VALUES (139, 6, 91);
INSERT INTO quran_pages (page_number, surah_number, ayah_number) VALUES (140, 6, 95);
INSERT INTO quran_pages (page_number, surah_number, ayah_number) VALUES (141, 6, 102);
INSERT INTO quran_pages (page_number, surah_number, ayah_number) VALUES (142, 6, 111);
INSERT INTO quran_pages (page_number, surah_number, ayah_number) VALUES (143, 6, 119);
INSERT INTO quran_pages (page_number, surah_number, ayah_number) VALUES (144, 6, 125);
INSERT INTO quran_pages (page_number, surah_number, ayah_number) VALUES (145, 6, 132);
INSERT INTO quran_pages (page_number, surah_number, ayah_number) VALUES (146, 6, 138);
INSERT INTO quran_pages (page_number, surah_number, ayah_number) VALUES (147, 6, 143);
INSERT INTO quran_pages (page_number, surah_number, ayah_number) VALUES (148, 6, 147);
INSERT INTO quran_pages (page_number, surah_number, ayah_number) VALUES (149, 6, 152);
INSERT INTO quran_pages (page_number, surah_number, ayah_number) VALUES (150, 6, 158);
INSERT INTO quran_pages (page_number, surah_number, ayah_number) VALUES (151, 7, 1);
INSERT INTO quran_pages (page_number, surah_number, ayah_number) VALUES (152, 7, 12);
INSERT INTO quran_pages (page_number, surah_number, ayah_number) VALUES (153, 7, 23);
INSERT INTO quran_pages (page_number, surah_number, ayah_number) VALUES (154, 7, 31);
INSERT INTO quran_pages (page_number, surah_number, ayah_number) VALUES (155, 7, 38);
INSERT INTO quran_pages (page_number, surah_number, ayah_number) VALUES (156, 7, 44);
INSERT INTO quran_pages (page_number, surah_number, ayah_number) VALUES (157, 7, 52);
INSERT INTO quran_pages (page_number, surah_number, ayah_number) VALUES (158, 7, 58);
INSERT INTO quran_pages (page_number, surah_number, ayah_number) VALUES (159, 7, 68);
INSERT INTO quran_pages (page_number, surah_number, ayah_number) VALUES (160, 7, 74);
INSERT INTO quran_pages (page_number, surah_number, ayah_number) VALUES (161, 7, 82);
INSERT INTO quran_pages (page_number, surah_number, ayah_number) VALUES (162, 7, 88);
INSERT INTO quran_pages (page_number, surah_number, ayah_number) VALUES (163, 7, 96);
INSERT INTO quran_pages (page_number, surah_number, ayah_number) VALUES (164, 7, 105);
INSERT INTO quran_pages (page_number, surah_number, ayah_number) VALUES (165, 7, 121);
INSERT INTO quran_pages (page_number, surah_number, ayah_number) VALUES (166, 7, 131);
INSERT INTO quran_pages (page_number, surah_number, ayah_number) VALUES (167, 7, 138);
INSERT INTO quran_pages (page_number, surah_number, ayah_number) VALUES (168, 7, 144);
INSERT INTO quran_pages (page_number, surah_number, ayah_number) VALUES (169, 7, 150);
INSERT INTO quran_pages (page_number, surah_number, ayah_number) VALUES (170, 7, 156);
INSERT INTO quran_pages (page_number, surah_number, ayah_number) VALUES (171, 7, 160);
INSERT INTO quran_pages (page_number, surah_number, ayah_number) VALUES (172, 7, 164);
INSERT INTO quran_pages (page_number, surah_number, ayah_number) VALUES (173, 7, 171);
INSERT INTO quran_pages (page_number, surah_number, ayah_number) VALUES (174, 7, 179);
INSERT INTO quran_pages (page_number, surah_number, ayah_number) VALUES (175, 7, 188);
INSERT INTO quran_pages (page_number, surah_number, ayah_number) VALUES (176, 7, 196);
INSERT INTO quran_pages (page_number, surah_number, ayah_number) VALUES (177, 8, 1);
INSERT INTO quran_pages (page_number, surah_number, ayah_number) VALUES (178, 8, 9);
INSERT INTO quran_pages (page_number, surah_number, ayah_number) VALUES (179, 8, 17);
INSERT INTO quran_pages (page_number, surah_number, ayah_number) VALUES (180, 8, 26);
INSERT INTO quran_pages (page_number, surah_number, ayah_number) VALUES (181, 8, 34);
INSERT INTO quran_pages (page_number, surah_number, ayah_number) VALUES (182, 8, 41);
INSERT INTO quran_pages (page_number, surah_number, ayah_number) VALUES (183, 8, 46);
INSERT INTO quran_pages (page_number, surah_number, ayah_number) VALUES (184, 8, 53);
INSERT INTO quran_pages (page_number, surah_number, ayah_number) VALUES (185, 8, 62);
INSERT INTO quran_pages (page_number, surah_number, ayah_number) VALUES (186, 8, 70);
INSERT INTO quran_pages (page_number, surah_number, ayah_number) VALUES (187, 9, 1);
INSERT INTO quran_pages (page_number, surah_number, ayah_number) VALUES (188, 9, 7);
INSERT INTO quran_pages (page_number, surah_number, ayah_number) VALUES (189, 9, 14);
INSERT INTO quran_pages (page_number, surah_number, ayah_number) VALUES (190, 9, 21);
INSERT INTO quran_pages (page_number, surah_number, ayah_number) VALUES (191, 9, 27);
INSERT INTO quran_pages (page_number, surah_number, ayah_number) VALUES (192, 9, 32);
INSERT INTO quran_pages (page_number, surah_number, ayah_number) VALUES (193, 9, 37);
INSERT INTO quran_pages (page_number, surah_number, ayah_number) VALUES (194, 9, 41);
INSERT INTO quran_pages (page_number, surah_number, ayah_number) VALUES (195, 9, 48);
INSERT INTO quran_pages (page_number, surah_number, ayah_number) VALUES (196, 9, 55);
INSERT INTO quran_pages (page_number, surah_number, ayah_number) VALUES (197, 9, 62);
INSERT INTO quran_pages (page_number, surah_number, ayah_number) VALUES (198, 9, 69);
INSERT INTO quran_pages (page_number, surah_number, ayah_number) VALUES (199, 9, 73);
INSERT INTO quran_pages (page_number, surah_number, ayah_number) VALUES (200, 9, 80);
INSERT INTO quran_pages (page_number, surah_number, ayah_number) VALUES (201, 9, 87);
INSERT INTO quran_pages (page_number, surah_number, ayah_number) VALUES (202, 9, 94);
INSERT INTO quran_pages (page_number, surah_number, ayah_number) VALUES (203, 9, 100);
INSERT INTO quran_pages (page_number, surah_number, ayah_number) VALUES (204, 9, 107);
INSERT INTO quran_pages (page_number, surah_number, ayah_number) VALUES (205, 9, 112);
INSERT INTO quran_pages (page_number, surah_number, ayah_number) VALUES (206, 9, 118);
INSERT INTO quran_pages (page_number, surah_number, ayah_number) VALUES (207, 9, 123);
INSERT INTO quran_pages (page_number, surah_number, ayah_number) VALUES (208, 10, 1);
INSERT INTO quran_pages (page_number, surah_number, ayah_number) VALUES (209, 10, 7);
INSERT INTO quran_pages (page_number, surah_number, ayah_number) VALUES (210, 10, 15);
INSERT INTO quran_pages (page_number, surah_number, ayah_number) VALUES (211, 10, 21);
INSERT INTO quran_pages (page_number, surah_number, ayah_number) VALUES (212, 10, 26);
INSERT INTO quran_pages (page_number, surah_number, ayah_number) VALUES (213, 10, 34);
INSERT INTO quran_pages (page_number, surah_number, ayah_number) VALUES (214, 10, 43);
INSERT INTO quran_pages (page_number, surah_number, ayah_number) VALUES (215, 10, 54);
INSERT INTO quran_pages (page_number, surah_number, ayah_number) VALUES (216, 10, 62);
INSERT INTO quran_pages (page_number, surah_number, ayah_number) VALUES (217, 10, 71);
INSERT INTO quran_pages (page_number, surah_number, ayah_number) VALUES (218, 10, 79);
INSERT INTO quran_pages (page_number, surah_number, ayah_number) VALUES (219, 10, 89);
INSERT INTO quran_pages (page_number, surah_number, ayah_number) VALUES (220, 10, 98);
INSERT INTO quran_pages (page_number, surah_number, ayah_number) VALUES (221, 10, 107);
INSERT INTO quran_pages (page_number, surah_number, ayah_number) VALUES (222, 11, 6);
INSERT INTO quran_pages (page_number, surah_number, ayah_number) VALUES (223, 11, 13);
INSERT INTO quran_pages (page_number, surah_number, ayah_number) VALUES (224, 11, 20);
INSERT INTO quran_pages (page_number, surah_number, ayah_number) VALUES (225, 11, 29);
INSERT INTO quran_pages (page_number, surah_number, ayah_number) VALUES (226, 11, 38);
INSERT INTO quran_pages (page_number, surah_number, ayah_number) VALUES (227, 11, 46);
INSERT INTO quran_pages (page_number, surah_number, ayah_number) VALUES (228, 11, 54);
INSERT INTO quran_pages (page_number, surah_number, ayah_number) VALUES (229, 11, 63);
INSERT INTO quran_pages (page_number, surah_number, ayah_number) VALUES (230, 11, 72);
INSERT INTO quran_pages (page_number, surah_number, ayah_number) VALUES (231, 11, 82);
INSERT INTO quran_pages (page_number, surah_number, ayah_number) VALUES (232, 11, 89);
INSERT INTO quran_pages (page_number, surah_number, ayah_number) VALUES (233, 11, 98);
INSERT INTO quran_pages (page_number, surah_number, ayah_number) VALUES (234, 11, 109);
INSERT INTO quran_pages (page_number, surah_number, ayah_number) VALUES (235, 11, 118);
INSERT INTO quran_pages (page_number, surah_number, ayah_number) VALUES (236, 12, 5);
INSERT INTO quran_pages (page_number, surah_number, ayah_number) VALUES (237, 12, 15);
INSERT INTO quran_pages (page_number, surah_number, ayah_number) VALUES (238, 12, 23);
INSERT INTO quran_pages (page_number, surah_number, ayah_number) VALUES (239, 12, 31);
INSERT INTO quran_pages (page_number, surah_number, ayah_number) VALUES (240, 12, 38);
INSERT INTO quran_pages (page_number, surah_number, ayah_number) VALUES (241, 12, 44);
INSERT INTO quran_pages (page_number, surah_number, ayah_number) VALUES (242, 12, 53);
INSERT INTO quran_pages (page_number, surah_number, ayah_number) VALUES (243, 12, 64);
INSERT INTO quran_pages (page_number, surah_number, ayah_number) VALUES (244, 12, 70);
INSERT INTO quran_pages (page_number, surah_number, ayah_number) VALUES (245, 12, 79);
INSERT INTO quran_pages (page_number, surah_number, ayah_number) VALUES (246, 12, 87);
INSERT INTO quran_pages (page_number, surah_number, ayah_number) VALUES (247, 12, 96);
INSERT INTO quran_pages (page_number, surah_number, ayah_number) VALUES (248, 12, 104);
INSERT INTO quran_pages (page_number, surah_number, ayah_number) VALUES (249, 13, 1);
INSERT INTO quran_pages (page_number, surah_number, ayah_number) VALUES (250, 13, 6);
INSERT INTO quran_pages (page_number, surah_number, ayah_number) VALUES (251, 13, 14);
INSERT INTO quran_pages (page_number, surah_number, ayah_number) VALUES (252, 13, 19);
INSERT INTO quran_pages (page_number, surah_number, ayah_number) VALUES (253, 13, 29);
INSERT INTO quran_pages (page_number, surah_number, ayah_number) VALUES (254, 13, 35);
INSERT INTO quran_pages (page_number, surah_number, ayah_number) VALUES (255, 13, 43);
INSERT INTO quran_pages (page_number, surah_number, ayah_number) VALUES (256, 14, 6);
INSERT INTO quran_pages (page_number, surah_number, ayah_number) VALUES (257, 14, 11);
INSERT INTO quran_pages (page_number, surah_number, ayah_number) VALUES (258, 14, 19);
INSERT INTO quran_pages (page_number, surah_number, ayah_number) VALUES (259, 14, 25);
INSERT INTO quran_pages (page_number, surah_number, ayah_number) VALUES (260, 14, 34);
INSERT INTO quran_pages (page_number, surah_number, ayah_number) VALUES (261, 14, 43);
INSERT INTO quran_pages (page_number, surah_number, ayah_number) VALUES (262, 15, 1);
INSERT INTO quran_pages (page_number, surah_number, ayah_number) VALUES (263, 15, 16);
INSERT INTO quran_pages (page_number, surah_number, ayah_number) VALUES (264, 15, 32);
INSERT INTO quran_pages (page_number, surah_number, ayah_number) VALUES (265, 15, 52);
INSERT INTO quran_pages (page_number, surah_number, ayah_number) VALUES (266, 15, 71);
INSERT INTO quran_pages (page_number, surah_number, ayah_number) VALUES (267, 15, 91);
INSERT INTO quran_pages (page_number, surah_number, ayah_number) VALUES (268, 16, 7);
INSERT INTO quran_pages (page_number, surah_number, ayah_number) VALUES (269, 16, 15);
INSERT INTO quran_pages (page_number, surah_number, ayah_number) VALUES (270, 16, 27);
INSERT INTO quran_pages (page_number, surah_number, ayah_number) VALUES (271, 16, 35);
INSERT INTO quran_pages (page_number, surah_number, ayah_number) VALUES (272, 16, 43);
INSERT INTO quran_pages (page_number, surah_number, ayah_number) VALUES (273, 16, 55);
INSERT INTO quran_pages (page_number, surah_number, ayah_number) VALUES (274, 16, 65);
INSERT INTO quran_pages (page_number, surah_number, ayah_number) VALUES (275, 16, 73);
INSERT INTO quran_pages (page_number, surah_number, ayah_number) VALUES (276, 16, 80);
INSERT INTO quran_pages (page_number, surah_number, ayah_number) VALUES (277, 16, 88);
INSERT INTO quran_pages (page_number, surah_number, ayah_number) VALUES (278, 16, 94);
INSERT INTO quran_pages (page_number, surah_number, ayah_number) VALUES (279, 16, 103);
INSERT INTO quran_pages (page_number, surah_number, ayah_number) VALUES (280, 16, 111);
INSERT INTO quran_pages (page_number, surah_number, ayah_number) VALUES (281, 16, 119);
INSERT INTO quran_pages (page_number, surah_number, ayah_number) VALUES (282, 17, 1);
INSERT INTO quran_pages (page_number, surah_number, ayah_number) VALUES (283, 17, 8);
INSERT INTO quran_pages (page_number, surah_number, ayah_number) VALUES (284, 17, 18);
INSERT INTO quran_pages (page_number, surah_number, ayah_number) VALUES (285, 17, 28);
INSERT INTO quran_pages (page_number, surah_number, ayah_number) VALUES (286, 17, 39);
INSERT INTO quran_pages (page_number, surah_number, ayah_number) VALUES (287, 17, 50);
INSERT INTO quran_pages (page_number, surah_number, ayah_number) VALUES (288, 17, 59);
INSERT INTO quran_pages (page_number, surah_number, ayah_number) VALUES (289, 17, 67);
INSERT INTO quran_pages (page_number, surah_number, ayah_number) VALUES (290, 17, 76);
INSERT INTO quran_pages (page_number, surah_number, ayah_number) VALUES (291, 17, 87);
INSERT INTO quran_pages (page_number, surah_number, ayah_number) VALUES (292, 17, 97);
INSERT INTO quran_pages (page_number, surah_number, ayah_number) VALUES (293, 17, 105);
INSERT INTO quran_pages (page_number, surah_number, ayah_number) VALUES (294, 18, 5);
INSERT INTO quran_pages (page_number, surah_number, ayah_number) VALUES (295, 18, 16);
INSERT INTO quran_pages (page_number, surah_number, ayah_number) VALUES (296, 18, 21);
INSERT INTO quran_pages (page_number, surah_number, ayah_number) VALUES (297, 18, 28);
INSERT INTO quran_pages (page_number, surah_number, ayah_number) VALUES (298, 18, 35);
INSERT INTO quran_pages (page_number, surah_number, ayah_number) VALUES (299, 18, 46);
INSERT INTO quran_pages (page_number, surah_number, ayah_number) VALUES (300, 18, 54);
INSERT INTO quran_pages (page_number, surah_number, ayah_number) VALUES (301, 18, 62);
INSERT INTO quran_pages (page_number, surah_number, ayah_number) VALUES (302, 18, 75);
INSERT INTO quran_pages (page_number, surah_number, ayah_number) VALUES (303, 18, 84);
INSERT INTO quran_pages (page_number, surah_number, ayah_number) VALUES (304, 18, 98);
INSERT INTO quran_pages (page_number, surah_number, ayah_number) VALUES (305, 19, 1);
INSERT INTO quran_pages (page_number, surah_number, ayah_number) VALUES (306, 19, 12);
INSERT INTO quran_pages (page_number, surah_number, ayah_number) VALUES (307, 19, 26);
INSERT INTO quran_pages (page_number, surah_number, ayah_number) VALUES (308, 19, 39);
INSERT INTO quran_pages (page_number, surah_number, ayah_number) VALUES (309, 19, 52);
INSERT INTO quran_pages (page_number, surah_number, ayah_number) VALUES (310, 19, 65);
INSERT INTO quran_pages (page_number, surah_number, ayah_number) VALUES (311, 19, 77);
INSERT INTO quran_pages (page_number, surah_number, ayah_number) VALUES (312, 19, 96);
INSERT INTO quran_pages (page_number, surah_number, ayah_number) VALUES (313, 20, 13);
INSERT INTO quran_pages (page_number, surah_number, ayah_number) VALUES (314, 20, 38);
INSERT INTO quran_pages (page_number, surah_number, ayah_number) VALUES (315, 20, 52);
INSERT INTO quran_pages (page_number, surah_number, ayah_number) VALUES (316, 20, 65);
INSERT INTO quran_pages (page_number, surah_number, ayah_number) VALUES (317, 20, 77);
INSERT INTO quran_pages (page_number, surah_number, ayah_number) VALUES (318, 20, 88);
INSERT INTO quran_pages (page_number, surah_number, ayah_number) VALUES (319, 20, 99);
INSERT INTO quran_pages (page_number, surah_number, ayah_number) VALUES (320, 20, 114);
INSERT INTO quran_pages (page_number, surah_number, ayah_number) VALUES (321, 20, 126);
INSERT INTO quran_pages (page_number, surah_number, ayah_number) VALUES (322, 21, 1);
INSERT INTO quran_pages (page_number, surah_number, ayah_number) VALUES (323, 21, 11);
INSERT INTO quran_pages (page_number, surah_number, ayah_number) VALUES (324, 21, 25);
INSERT INTO quran_pages (page_number, surah_number, ayah_number) VALUES (325, 21, 36);
INSERT INTO quran_pages (page_number, surah_number, ayah_number) VALUES (326, 21, 45);
INSERT INTO quran_pages (page_number, surah_number, ayah_number) VALUES (327, 21, 58);
INSERT INTO quran_pages (page_number, surah_number, ayah_number) VALUES (328, 21, 73);
INSERT INTO quran_pages (page_number, surah_number, ayah_number) VALUES (329, 21, 82);
INSERT INTO quran_pages (page_number, surah_number, ayah_number) VALUES (330, 21, 91);
INSERT INTO quran_pages (page_number, surah_number, ayah_number) VALUES (331, 21, 102);
INSERT INTO quran_pages (page_number, surah_number, ayah_number) VALUES (332, 22, 1);
INSERT INTO quran_pages (page_number, surah_number, ayah_number) VALUES (333, 22, 6);
INSERT INTO quran_pages (page_number, surah_number, ayah_number) VALUES (334, 22, 16);
INSERT INTO quran_pages (page_number, surah_number, ayah_number) VALUES (335, 22, 24);
INSERT INTO quran_pages (page_number, surah_number, ayah_number) VALUES (336, 22, 31);
INSERT INTO quran_pages (page_number, surah_number, ayah_number) VALUES (337, 22, 39);
INSERT INTO quran_pages (page_number, surah_number, ayah_number) VALUES (338, 22, 47);
INSERT INTO quran_pages (page_number, surah_number, ayah_number) VALUES (339, 22, 56);
INSERT INTO quran_pages (page_number, surah_number, ayah_number) VALUES (340, 22, 65);
INSERT INTO quran_pages (page_number, surah_number, ayah_number) VALUES (341, 22, 73);
INSERT INTO quran_pages (page_number, surah_number, ayah_number) VALUES (342, 23, 1);
INSERT INTO quran_pages (page_number, surah_number, ayah_number) VALUES (343, 23, 18);
INSERT INTO quran_pages (page_number, surah_number, ayah_number) VALUES (344, 23, 28);
INSERT INTO quran_pages (page_number, surah_number, ayah_number) VALUES (345, 23, 43);
INSERT INTO quran_pages (page_number, surah_number, ayah_number) VALUES (346, 23, 60);
INSERT INTO quran_pages (page_number, surah_number, ayah_number) VALUES (347, 23, 75);
INSERT INTO quran_pages (page_number, surah_number, ayah_number) VALUES (348, 23, 90);
INSERT INTO quran_pages (page_number, surah_number, ayah_number) VALUES (349, 23, 105);
INSERT INTO quran_pages (page_number, surah_number, ayah_number) VALUES (350, 24, 1);
INSERT INTO quran_pages (page_number, surah_number, ayah_number) VALUES (351, 24, 11);
INSERT INTO quran_pages (page_number, surah_number, ayah_number) VALUES (352, 24, 21);
INSERT INTO quran_pages (page_number, surah_number, ayah_number) VALUES (353, 24, 28);
INSERT INTO quran_pages (page_number, surah_number, ayah_number) VALUES (354, 24, 32);
INSERT INTO quran_pages (page_number, surah_number, ayah_number) VALUES (355, 24, 37);
INSERT INTO quran_pages (page_number, surah_number, ayah_number) VALUES (356, 24, 44);
INSERT INTO quran_pages (page_number, surah_number, ayah_number) VALUES (357, 24, 54);
INSERT INTO quran_pages (page_number, surah_number, ayah_number) VALUES (358, 24, 59);
INSERT INTO quran_pages (page_number, surah_number, ayah_number) VALUES (359, 24, 62);
INSERT INTO quran_pages (page_number, surah_number, ayah_number) VALUES (360, 25, 3);
INSERT INTO quran_pages (page_number, surah_number, ayah_number) VALUES (361, 25, 12);
INSERT INTO quran_pages (page_number, surah_number, ayah_number) VALUES (362, 25, 21);
INSERT INTO quran_pages (page_number, surah_number, ayah_number) VALUES (363, 25, 33);
INSERT INTO quran_pages (page_number, surah_number, ayah_number) VALUES (364, 25, 44);
INSERT INTO quran_pages (page_number, surah_number, ayah_number) VALUES (365, 25, 56);
INSERT INTO quran_pages (page_number, surah_number, ayah_number) VALUES (366, 25, 68);
INSERT INTO quran_pages (page_number, surah_number, ayah_number) VALUES (367, 26, 1);
INSERT INTO quran_pages (page_number, surah_number, ayah_number) VALUES (368, 26, 20);
INSERT INTO quran_pages (page_number, surah_number, ayah_number) VALUES (369, 26, 40);
INSERT INTO quran_pages (page_number, surah_number, ayah_number) VALUES (370, 26, 61);
INSERT INTO quran_pages (page_number, surah_number, ayah_number) VALUES (371, 26, 84);
INSERT INTO quran_pages (page_number, surah_number, ayah_number) VALUES (372, 26, 112);
INSERT INTO quran_pages (page_number, surah_number, ayah_number) VALUES (373, 26, 137);
INSERT INTO quran_pages (page_number, surah_number, ayah_number) VALUES (374, 26, 160);
INSERT INTO quran_pages (page_number, surah_number, ayah_number) VALUES (375, 26, 184);
INSERT INTO quran_pages (page_number, surah_number, ayah_number) VALUES (376, 26, 207);
INSERT INTO quran_pages (page_number, surah_number, ayah_number) VALUES (377, 27, 1);
INSERT INTO quran_pages (page_number, surah_number, ayah_number) VALUES (378, 27, 14);
INSERT INTO quran_pages (page_number, surah_number, ayah_number) VALUES (379, 27, 23);
INSERT INTO quran_pages (page_number, surah_number, ayah_number) VALUES (380, 27, 36);
INSERT INTO quran_pages (page_number, surah_number, ayah_number) VALUES (381, 27, 45);
INSERT INTO quran_pages (page_number, surah_number, ayah_number) VALUES (382, 27, 56);
INSERT INTO quran_pages (page_number, surah_number, ayah_number) VALUES (383, 27, 64);
INSERT INTO quran_pages (page_number, surah_number, ayah_number) VALUES (384, 27, 77);
INSERT INTO quran_pages (page_number, surah_number, ayah_number) VALUES (385, 27, 89);
INSERT INTO quran_pages (page_number, surah_number, ayah_number) VALUES (386, 28, 6);
INSERT INTO quran_pages (page_number, surah_number, ayah_number) VALUES (387, 28, 14);
INSERT INTO quran_pages (page_number, surah_number, ayah_number) VALUES (388, 28, 22);
INSERT INTO quran_pages (page_number, surah_number, ayah_number) VALUES (389, 28, 29);
INSERT INTO quran_pages (page_number, surah_number, ayah_number) VALUES (390, 28, 36);
INSERT INTO quran_pages (page_number, surah_number, ayah_number) VALUES (391, 28, 44);
INSERT INTO quran_pages (page_number, surah_number, ayah_number) VALUES (392, 28, 51);
INSERT INTO quran_pages (page_number, surah_number, ayah_number) VALUES (393, 28, 60);
INSERT INTO quran_pages (page_number, surah_number, ayah_number) VALUES (394, 28, 71);
INSERT INTO quran_pages (page_number, surah_number, ayah_number) VALUES (395, 28, 78);
INSERT INTO quran_pages (page_number, surah_number, ayah_number) VALUES (396, 28, 85);
INSERT INTO quran_pages (page_number, surah_number, ayah_number) VALUES (397, 29, 7);
INSERT INTO quran_pages (page_number, surah_number, ayah_number) VALUES (398, 29, 15);
INSERT INTO quran_pages (page_number, surah_number, ayah_number) VALUES (399, 29, 24);
INSERT INTO quran_pages (page_number, surah_number, ayah_number) VALUES (400, 29, 31);
INSERT INTO quran_pages (page_number, surah_number, ayah_number) VALUES (401, 29, 39);
INSERT INTO quran_pages (page_number, surah_number, ayah_number) VALUES (402, 29, 46);
INSERT INTO quran_pages (page_number, surah_number, ayah_number) VALUES (403, 29, 53);
INSERT INTO quran_pages (page_number, surah_number, ayah_number) VALUES (404, 29, 64);
INSERT INTO quran_pages (page_number, surah_number, ayah_number) VALUES (405, 30, 6);
INSERT INTO quran_pages (page_number, surah_number, ayah_number) VALUES (406, 30, 16);
INSERT INTO quran_pages (page_number, surah_number, ayah_number) VALUES (407, 30, 25);
INSERT INTO quran_pages (page_number, surah_number, ayah_number) VALUES (408, 30, 33);
INSERT INTO quran_pages (page_number, surah_number, ayah_number) VALUES (409, 30, 42);
INSERT INTO quran_pages (page_number, surah_number, ayah_number) VALUES (410, 30, 51);
INSERT INTO quran_pages (page_number, surah_number, ayah_number) VALUES (411, 31, 1);
INSERT INTO quran_pages (page_number, surah_number, ayah_number) VALUES (412, 31, 12);
INSERT INTO quran_pages (page_number, surah_number, ayah_number) VALUES (413, 31, 20);
INSERT INTO quran_pages (page_number, surah_number, ayah_number) VALUES (414, 31, 29);
INSERT INTO quran_pages (page_number, surah_number, ayah_number) VALUES (415, 32, 1);
INSERT INTO quran_pages (page_number, surah_number, ayah_number) VALUES (416, 32, 12);
INSERT INTO quran_pages (page_number, surah_number, ayah_number) VALUES (417, 32, 21);
INSERT INTO quran_pages (page_number, surah_number, ayah_number) VALUES (418, 33, 1);
INSERT INTO quran_pages (page_number, surah_number, ayah_number) VALUES (419, 33, 7);
INSERT INTO quran_pages (page_number, surah_number, ayah_number) VALUES (420, 33, 16);
INSERT INTO quran_pages (page_number, surah_number, ayah_number) VALUES (421, 33, 23);
INSERT INTO quran_pages (page_number, surah_number, ayah_number) VALUES (422, 33, 31);
INSERT INTO quran_pages (page_number, surah_number, ayah_number) VALUES (423, 33, 36);
INSERT INTO quran_pages (page_number, surah_number, ayah_number) VALUES (424, 33, 44);
INSERT INTO quran_pages (page_number, surah_number, ayah_number) VALUES (425, 33, 51);
INSERT INTO quran_pages (page_number, surah_number, ayah_number) VALUES (426, 33, 55);
INSERT INTO quran_pages (page_number, surah_number, ayah_number) VALUES (427, 33, 63);
INSERT INTO quran_pages (page_number, surah_number, ayah_number) VALUES (428, 34, 1);
INSERT INTO quran_pages (page_number, surah_number, ayah_number) VALUES (429, 34, 8);
INSERT INTO quran_pages (page_number, surah_number, ayah_number) VALUES (430, 34, 15);
INSERT INTO quran_pages (page_number, surah_number, ayah_number) VALUES (431, 34, 23);
INSERT INTO quran_pages (page_number, surah_number, ayah_number) VALUES (432, 34, 32);
INSERT INTO quran_pages (page_number, surah_number, ayah_number) VALUES (433, 34, 40);
INSERT INTO quran_pages (page_number, surah_number, ayah_number) VALUES (434, 34, 49);
INSERT INTO quran_pages (page_number, surah_number, ayah_number) VALUES (435, 35, 4);
INSERT INTO quran_pages (page_number, surah_number, ayah_number) VALUES (436, 35, 12);
INSERT INTO quran_pages (page_number, surah_number, ayah_number) VALUES (437, 35, 19);
INSERT INTO quran_pages (page_number, surah_number, ayah_number) VALUES (438, 35, 31);
INSERT INTO quran_pages (page_number, surah_number, ayah_number) VALUES (439, 35, 39);
INSERT INTO quran_pages (page_number, surah_number, ayah_number) VALUES (440, 35, 45);
INSERT INTO quran_pages (page_number, surah_number, ayah_number) VALUES (441, 36, 13);
INSERT INTO quran_pages (page_number, surah_number, ayah_number) VALUES (442, 36, 28);
INSERT INTO quran_pages (page_number, surah_number, ayah_number) VALUES (443, 36, 41);
INSERT INTO quran_pages (page_number, surah_number, ayah_number) VALUES (444, 36, 55);
INSERT INTO quran_pages (page_number, surah_number, ayah_number) VALUES (445, 36, 71);
INSERT INTO quran_pages (page_number, surah_number, ayah_number) VALUES (446, 37, 1);
INSERT INTO quran_pages (page_number, surah_number, ayah_number) VALUES (447, 37, 25);
INSERT INTO quran_pages (page_number, surah_number, ayah_number) VALUES (448, 37, 52);
INSERT INTO quran_pages (page_number, surah_number, ayah_number) VALUES (449, 37, 77);
INSERT INTO quran_pages (page_number, surah_number, ayah_number) VALUES (450, 37, 103);
INSERT INTO quran_pages (page_number, surah_number, ayah_number) VALUES (451, 37, 127);
INSERT INTO quran_pages (page_number, surah_number, ayah_number) VALUES (452, 37, 154);
INSERT INTO quran_pages (page_number, surah_number, ayah_number) VALUES (453, 38, 1);
INSERT INTO quran_pages (page_number, surah_number, ayah_number) VALUES (454, 38, 17);
INSERT INTO quran_pages (page_number, surah_number, ayah_number) VALUES (455, 38, 27);
INSERT INTO quran_pages (page_number, surah_number, ayah_number) VALUES (456, 38, 43);
INSERT INTO quran_pages (page_number, surah_number, ayah_number) VALUES (457, 38, 62);
INSERT INTO quran_pages (page_number, surah_number, ayah_number) VALUES (458, 38, 84);
INSERT INTO quran_pages (page_number, surah_number, ayah_number) VALUES (459, 39, 6);
INSERT INTO quran_pages (page_number, surah_number, ayah_number) VALUES (460, 39, 11);
INSERT INTO quran_pages (page_number, surah_number, ayah_number) VALUES (461, 39, 22);
INSERT INTO quran_pages (page_number, surah_number, ayah_number) VALUES (462, 39, 32);
INSERT INTO quran_pages (page_number, surah_number, ayah_number) VALUES (463, 39, 41);
INSERT INTO quran_pages (page_number, surah_number, ayah_number) VALUES (464, 39, 48);
INSERT INTO quran_pages (page_number, surah_number, ayah_number) VALUES (465, 39, 57);
INSERT INTO quran_pages (page_number, surah_number, ayah_number) VALUES (466, 39, 68);
INSERT INTO quran_pages (page_number, surah_number, ayah_number) VALUES (467, 39, 75);
INSERT INTO quran_pages (page_number, surah_number, ayah_number) VALUES (468, 40, 8);
INSERT INTO quran_pages (page_number, surah_number, ayah_number) VALUES (469, 40, 17);
INSERT INTO quran_pages (page_number, surah_number, ayah_number) VALUES (470, 40, 26);
INSERT INTO quran_pages (page_number, surah_number, ayah_number) VALUES (471, 40, 34);
INSERT INTO quran_pages (page_number, surah_number, ayah_number) VALUES (472, 40, 41);
INSERT INTO quran_pages (page_number, surah_number, ayah_number) VALUES (473, 40, 50);
INSERT INTO quran_pages (page_number, surah_number, ayah_number) VALUES (474, 40, 59);
INSERT INTO quran_pages (page_number, surah_number, ayah_number) VALUES (475, 40, 67);
INSERT INTO quran_pages (page_number, surah_number, ayah_number) VALUES (476, 40, 78);
INSERT INTO quran_pages (page_number, surah_number, ayah_number) VALUES (477, 41, 1);
INSERT INTO quran_pages (page_number, surah_number, ayah_number) VALUES (478, 41, 12);
INSERT INTO quran_pages (page_number, surah_number, ayah_number) VALUES (479, 41, 21);
INSERT INTO quran_pages (page_number, surah_number, ayah_number) VALUES (480, 41, 30);
INSERT INTO quran_pages (page_number, surah_number, ayah_number) VALUES (481, 41, 39);
INSERT INTO quran_pages (page_number, surah_number, ayah_number) VALUES (482, 41, 47);
INSERT INTO quran_pages (page_number, surah_number, ayah_number) VALUES (483, 42, 1);
INSERT INTO quran_pages (page_number, surah_number, ayah_number) VALUES (484, 42, 11);
INSERT INTO quran_pages (page_number, surah_number, ayah_number) VALUES (485, 42, 16);
INSERT INTO quran_pages (page_number, surah_number, ayah_number) VALUES (486, 42, 23);
INSERT INTO quran_pages (page_number, surah_number, ayah_number) VALUES (487, 42, 32);
INSERT INTO quran_pages (page_number, surah_number, ayah_number) VALUES (488, 42, 45);
INSERT INTO quran_pages (page_number, surah_number, ayah_number) VALUES (489, 42, 52);
INSERT INTO quran_pages (page_number, surah_number, ayah_number) VALUES (490, 43, 11);
INSERT INTO quran_pages (page_number, surah_number, ayah_number) VALUES (491, 43, 23);
INSERT INTO quran_pages (page_number, surah_number, ayah_number) VALUES (492, 43, 34);
INSERT INTO quran_pages (page_number, surah_number, ayah_number) VALUES (493, 43, 48);
INSERT INTO quran_pages (page_number, surah_number, ayah_number) VALUES (494, 43, 61);
INSERT INTO quran_pages (page_number, surah_number, ayah_number) VALUES (495, 43, 74);
INSERT INTO quran_pages (page_number, surah_number, ayah_number) VALUES (496, 44, 1);
INSERT INTO quran_pages (page_number, surah_number, ayah_number) VALUES (497, 44, 19);
INSERT INTO quran_pages (page_number, surah_number, ayah_number) VALUES (498, 44, 40);
INSERT INTO quran_pages (page_number, surah_number, ayah_number) VALUES (499, 45, 1);
INSERT INTO quran_pages (page_number, surah_number, ayah_number) VALUES (500, 45, 14);
INSERT INTO quran_pages (page_number, surah_number, ayah_number) VALUES (501, 45, 23);
INSERT INTO quran_pages (page_number, surah_number, ayah_number) VALUES (502, 45, 33);
INSERT INTO quran_pages (page_number, surah_number, ayah_number) VALUES (503, 46, 6);
INSERT INTO quran_pages (page_number, surah_number, ayah_number) VALUES (504, 46, 15);
INSERT INTO quran_pages (page_number, surah_number, ayah_number) VALUES (505, 46, 21);
INSERT INTO quran_pages (page_number, surah_number, ayah_number) VALUES (506, 46, 29);
INSERT INTO quran_pages (page_number, surah_number, ayah_number) VALUES (507, 47, 1);
INSERT INTO quran_pages (page_number, surah_number, ayah_number) VALUES (508, 47, 12);
INSERT INTO quran_pages (page_number, surah_number, ayah_number) VALUES (509, 47, 20);
INSERT INTO quran_pages (page_number, surah_number, ayah_number) VALUES (510, 47, 30);
INSERT INTO quran_pages (page_number, surah_number, ayah_number) VALUES (511, 48, 1);
INSERT INTO quran_pages (page_number, surah_number, ayah_number) VALUES (512, 48, 10);
INSERT INTO quran_pages (page_number, surah_number, ayah_number) VALUES (513, 48, 16);
INSERT INTO quran_pages (page_number, surah_number, ayah_number) VALUES (514, 48, 24);
INSERT INTO quran_pages (page_number, surah_number, ayah_number) VALUES (515, 48, 29);
INSERT INTO quran_pages (page_number, surah_number, ayah_number) VALUES (516, 49, 5);
INSERT INTO quran_pages (page_number, surah_number, ayah_number) VALUES (517, 49, 12);
INSERT INTO quran_pages (page_number, surah_number, ayah_number) VALUES (518, 50, 1);
INSERT INTO quran_pages (page_number, surah_number, ayah_number) VALUES (519, 50, 16);
INSERT INTO quran_pages (page_number, surah_number, ayah_number) VALUES (520, 50, 36);
INSERT INTO quran_pages (page_number, surah_number, ayah_number) VALUES (521, 51, 7);
INSERT INTO quran_pages (page_number, surah_number, ayah_number) VALUES (522, 51, 31);
INSERT INTO quran_pages (page_number, surah_number, ayah_number) VALUES (523, 51, 52);
INSERT INTO quran_pages (page_number, surah_number, ayah_number) VALUES (524, 52, 15);
INSERT INTO quran_pages (page_number, surah_number, ayah_number) VALUES (525, 52, 32);
INSERT INTO quran_pages (page_number, surah_number, ayah_number) VALUES (526, 53, 1);
INSERT INTO quran_pages (page_number, surah_number, ayah_number) VALUES (527, 53, 27);
INSERT INTO quran_pages (page_number, surah_number, ayah_number) VALUES (528, 53, 45);
INSERT INTO quran_pages (page_number, surah_number, ayah_number) VALUES (529, 54, 7);
INSERT INTO quran_pages (page_number, surah_number, ayah_number) VALUES (530, 54, 28);
INSERT INTO quran_pages (page_number, surah_number, ayah_number) VALUES (531, 54, 50);
INSERT INTO quran_pages (page_number, surah_number, ayah_number) VALUES (532, 55, 17);
INSERT INTO quran_pages (page_number, surah_number, ayah_number) VALUES (533, 55, 41);
INSERT INTO quran_pages (page_number, surah_number, ayah_number) VALUES (534, 55, 68);
INSERT INTO quran_pages (page_number, surah_number, ayah_number) VALUES (535, 56, 17);
INSERT INTO quran_pages (page_number, surah_number, ayah_number) VALUES (536, 56, 51);
INSERT INTO quran_pages (page_number, surah_number, ayah_number) VALUES (537, 56, 77);
INSERT INTO quran_pages (page_number, surah_number, ayah_number) VALUES (538, 57, 4);
INSERT INTO quran_pages (page_number, surah_number, ayah_number) VALUES (539, 57, 12);
INSERT INTO quran_pages (page_number, surah_number, ayah_number) VALUES (540, 57, 19);
INSERT INTO quran_pages (page_number, surah_number, ayah_number) VALUES (541, 57, 25);
INSERT INTO quran_pages (page_number, surah_number, ayah_number) VALUES (542, 58, 1);
INSERT INTO quran_pages (page_number, surah_number, ayah_number) VALUES (543, 58, 7);
INSERT INTO quran_pages (page_number, surah_number, ayah_number) VALUES (544, 58, 12);
INSERT INTO quran_pages (page_number, surah_number, ayah_number) VALUES (545, 58, 22);
INSERT INTO quran_pages (page_number, surah_number, ayah_number) VALUES (546, 59, 4);
INSERT INTO quran_pages (page_number, surah_number, ayah_number) VALUES (547, 59, 10);
INSERT INTO quran_pages (page_number, surah_number, ayah_number) VALUES (548, 59, 17);
INSERT INTO quran_pages (page_number, surah_number, ayah_number) VALUES (549, 60, 1);
INSERT INTO quran_pages (page_number, surah_number, ayah_number) VALUES (550, 60, 6);
INSERT INTO quran_pages (page_number, surah_number, ayah_number) VALUES (551, 60, 12);
INSERT INTO quran_pages (page_number, surah_number, ayah_number) VALUES (552, 61, 6);
INSERT INTO quran_pages (page_number, surah_number, ayah_number) VALUES (553, 62, 1);
INSERT INTO quran_pages (page_number, surah_number, ayah_number) VALUES (554, 62, 9);
INSERT INTO quran_pages (page_number, surah_number, ayah_number) VALUES (555, 63, 5);
INSERT INTO quran_pages (page_number, surah_number, ayah_number) VALUES (556, 64, 1);
INSERT INTO quran_pages (page_number, surah_number, ayah_number) VALUES (557, 64, 10);
INSERT INTO quran_pages (page_number, surah_number, ayah_number) VALUES (558, 65, 1);
INSERT INTO quran_pages (page_number, surah_number, ayah_number) VALUES (559, 65, 6);
INSERT INTO quran_pages (page_number, surah_number, ayah_number) VALUES (560, 66, 1);
INSERT INTO quran_pages (page_number, surah_number, ayah_number) VALUES (561, 66, 8);
INSERT INTO quran_pages (page_number, surah_number, ayah_number) VALUES (562, 67, 1);
INSERT INTO quran_pages (page_number, surah_number, ayah_number) VALUES (563, 67, 13);
INSERT INTO quran_pages (page_number, surah_number, ayah_number) VALUES (564, 67, 27);
INSERT INTO quran_pages (page_number, surah_number, ayah_number) VALUES (565, 68, 16);
INSERT INTO quran_pages (page_number, surah_number, ayah_number) VALUES (566, 68, 43);
INSERT INTO quran_pages (page_number, surah_number, ayah_number) VALUES (567, 69, 9);
INSERT INTO quran_pages (page_number, surah_number, ayah_number) VALUES (568, 69, 35);
INSERT INTO quran_pages (page_number, surah_number, ayah_number) VALUES (569, 70, 11);
INSERT INTO quran_pages (page_number, surah_number, ayah_number) VALUES (570, 70, 40);
INSERT INTO quran_pages (page_number, surah_number, ayah_number) VALUES (571, 71, 11);
INSERT INTO quran_pages (page_number, surah_number, ayah_number) VALUES (572, 72, 1);
INSERT INTO quran_pages (page_number, surah_number, ayah_number) VALUES (573, 72, 14);
INSERT INTO quran_pages (page_number, surah_number, ayah_number) VALUES (574, 73, 1);
INSERT INTO quran_pages (page_number, surah_number, ayah_number) VALUES (575, 73, 20);
INSERT INTO quran_pages (page_number, surah_number, ayah_number) VALUES (576, 74, 18);
INSERT INTO quran_pages (page_number, surah_number, ayah_number) VALUES (577, 74, 48);
INSERT INTO quran_pages (page_number, surah_number, ayah_number) VALUES (578, 75, 20);
INSERT INTO quran_pages (page_number, surah_number, ayah_number) VALUES (579, 76, 6);
INSERT INTO quran_pages (page_number, surah_number, ayah_number) VALUES (580, 76, 26);
INSERT INTO quran_pages (page_number, surah_number, ayah_number) VALUES (581, 77, 20);
INSERT INTO quran_pages (page_number, surah_number, ayah_number) VALUES (582, 78, 1);
INSERT INTO quran_pages (page_number, surah_number, ayah_number) VALUES (583, 78, 31);
INSERT INTO quran_pages (page_number, surah_number, ayah_number) VALUES (584, 79, 16);
INSERT INTO quran_pages (page_number, surah_number, ayah_number) VALUES (585, 80, 1);
INSERT INTO quran_pages (page_number, surah_number, ayah_number) VALUES (586, 81, 1);
INSERT INTO quran_pages (page_number, surah_number, ayah_number) VALUES (587, 82, 1);
INSERT INTO quran_pages (page_number, surah_number, ayah_number) VALUES (588, 83, 7);
INSERT INTO quran_pages (page_number, surah_number, ayah_number) VALUES (589, 83, 35);
INSERT INTO quran_pages (page_number, surah_number, ayah_number) VALUES (590, 85, 1);
INSERT INTO quran_pages (page_number, surah_number, ayah_number) VALUES (591, 86, 1);
INSERT INTO quran_pages (page_number, surah_number, ayah_number) VALUES (592, 87, 16);
INSERT INTO quran_pages (page_number, surah_number, ayah_number) VALUES (593, 89, 1);
INSERT INTO quran_pages (page_number, surah_number, ayah_number) VALUES (594, 89, 24);
INSERT INTO quran_pages (page_number, surah_number, ayah_number) VALUES (595, 91, 1);
INSERT INTO quran_pages (page_number, surah_number, ayah_number) VALUES (596, 92, 15);
INSERT INTO quran_pages (page_number, surah_number, ayah_number) VALUES (597, 95, 1);
INSERT INTO quran_pages (page_number, surah_number, ayah_number) VALUES (598, 97, 1);
INSERT INTO quran_pages (page_number, surah_number, ayah_number) VALUES (599, 98, 8);
INSERT INTO quran_pages (page_number, surah_number, ayah_number) VALUES (600, 100, 10);
INSERT INTO quran_pages (page_number, surah_number, ayah_number) VALUES (601, 103, 1);
INSERT INTO quran_pages (page_number, surah_number, ayah_number) VALUES (602, 106, 1);
INSERT INTO quran_pages (page_number, surah_number, ayah_number) VALUES (603, 109, 1);
INSERT INTO quran_pages (page_number, surah_number, ayah_number) VALUES (604, 112, 1);

-- Data for quran_sajdas
INSERT INTO quran_sajdas (surah_number, ayah_number, type) VALUES (7, 206, 'recommended');
INSERT INTO quran_sajdas (surah_number, ayah_number, type) VALUES (13, 15, 'recommended');
INSERT INTO quran_sajdas (surah_number, ayah_number, type) VALUES (16, 50, 'recommended');
INSERT INTO quran_sajdas (surah_number, ayah_number, type) VALUES (17, 109, 'recommended');
INSERT INTO quran_sajdas (surah_number, ayah_number, type) VALUES (19, 58, 'recommended');
INSERT INTO quran_sajdas (surah_number, ayah_number, type) VALUES (22, 18, 'recommended');
INSERT INTO quran_sajdas (surah_number, ayah_number, type) VALUES (22, 77, 'recommended');
INSERT INTO quran_sajdas (surah_number, ayah_number, type) VALUES (25, 60, 'recommended');
INSERT INTO quran_sajdas (surah_number, ayah_number, type) VALUES (27, 26, 'recommended');
INSERT INTO quran_sajdas (surah_number, ayah_number, type) VALUES (32, 15, 'obligatory');
INSERT INTO quran_sajdas (surah_number, ayah_number, type) VALUES (38, 24, 'recommended');
INSERT INTO quran_sajdas (surah_number, ayah_number, type) VALUES (41, 38, 'obligatory');
INSERT INTO quran_sajdas (surah_number, ayah_number, type) VALUES (53, 62, 'obligatory');
INSERT INTO quran_sajdas (surah_number, ayah_number, type) VALUES (84, 21, 'recommended');
INSERT INTO quran_sajdas (surah_number, ayah_number, type) VALUES (96, 19, 'obligatory');

-- Data for quran_manzils
INSERT INTO quran_manzils (manzil_number, surah_number, ayah_number) VALUES (1, 1, 1);
INSERT INTO quran_manzils (manzil_number, surah_number, ayah_number) VALUES (2, 5, 1);
INSERT INTO quran_manzils (manzil_number, surah_number, ayah_number) VALUES (3, 10, 1);
INSERT INTO quran_manzils (manzil_number, surah_number, ayah_number) VALUES (4, 17, 1);
INSERT INTO quran_manzils (manzil_number, surah_number, ayah_number) VALUES (5, 26, 1);
INSERT INTO quran_manzils (manzil_number, surah_number, ayah_number) VALUES (6, 37, 1);
INSERT INTO quran_manzils (manzil_number, surah_number, ayah_number) VALUES (7, 50, 1);

-- Data for quran_hizb_quarters
INSERT INTO quran_hizb_quarters (quarter_number, hizb_number, surah_number, ayah_number) VALUES (1, 1, 1, 1);
INSERT INTO quran_hizb_quarters (quarter_number, hizb_number, surah_number, ayah_number) VALUES (2, 1, 2, 26);
INSERT INTO quran_hizb_quarters (quarter_number, hizb_number, surah_number, ayah_number) VALUES (3, 1, 2, 44);
INSERT INTO quran_hizb_quarters (quarter_number, hizb_number, surah_number, ayah_number) VALUES (4, 1, 2, 60);
INSERT INTO quran_hizb_quarters (quarter_number, hizb_number, surah_number, ayah_number) VALUES (5, 2, 2, 75);
INSERT INTO quran_hizb_quarters (quarter_number, hizb_number, surah_number, ayah_number) VALUES (6, 2, 2, 92);
INSERT INTO quran_hizb_quarters (quarter_number, hizb_number, surah_number, ayah_number) VALUES (7, 2, 2, 106);
INSERT INTO quran_hizb_quarters (quarter_number, hizb_number, surah_number, ayah_number) VALUES (8, 2, 2, 124);
INSERT INTO quran_hizb_quarters (quarter_number, hizb_number, surah_number, ayah_number) VALUES (9, 3, 2, 142);
INSERT INTO quran_hizb_quarters (quarter_number, hizb_number, surah_number, ayah_number) VALUES (10, 3, 2, 158);
INSERT INTO quran_hizb_quarters (quarter_number, hizb_number, surah_number, ayah_number) VALUES (11, 3, 2, 177);
INSERT INTO quran_hizb_quarters (quarter_number, hizb_number, surah_number, ayah_number) VALUES (12, 3, 2, 189);
INSERT INTO quran_hizb_quarters (quarter_number, hizb_number, surah_number, ayah_number) VALUES (13, 4, 2, 203);
INSERT INTO quran_hizb_quarters (quarter_number, hizb_number, surah_number, ayah_number) VALUES (14, 4, 2, 219);
INSERT INTO quran_hizb_quarters (quarter_number, hizb_number, surah_number, ayah_number) VALUES (15, 4, 2, 233);
INSERT INTO quran_hizb_quarters (quarter_number, hizb_number, surah_number, ayah_number) VALUES (16, 4, 2, 243);
INSERT INTO quran_hizb_quarters (quarter_number, hizb_number, surah_number, ayah_number) VALUES (17, 5, 2, 253);
INSERT INTO quran_hizb_quarters (quarter_number, hizb_number, surah_number, ayah_number) VALUES (18, 5, 2, 263);
INSERT INTO quran_hizb_quarters (quarter_number, hizb_number, surah_number, ayah_number) VALUES (19, 5, 2, 272);
INSERT INTO quran_hizb_quarters (quarter_number, hizb_number, surah_number, ayah_number) VALUES (20, 5, 2, 283);
INSERT INTO quran_hizb_quarters (quarter_number, hizb_number, surah_number, ayah_number) VALUES (21, 6, 3, 15);
INSERT INTO quran_hizb_quarters (quarter_number, hizb_number, surah_number, ayah_number) VALUES (22, 6, 3, 33);
INSERT INTO quran_hizb_quarters (quarter_number, hizb_number, surah_number, ayah_number) VALUES (23, 6, 3, 52);
INSERT INTO quran_hizb_quarters (quarter_number, hizb_number, surah_number, ayah_number) VALUES (24, 6, 3, 75);
INSERT INTO quran_hizb_quarters (quarter_number, hizb_number, surah_number, ayah_number) VALUES (25, 7, 3, 93);
INSERT INTO quran_hizb_quarters (quarter_number, hizb_number, surah_number, ayah_number) VALUES (26, 7, 3, 113);
INSERT INTO quran_hizb_quarters (quarter_number, hizb_number, surah_number, ayah_number) VALUES (27, 7, 3, 133);
INSERT INTO quran_hizb_quarters (quarter_number, hizb_number, surah_number, ayah_number) VALUES (28, 7, 3, 153);
INSERT INTO quran_hizb_quarters (quarter_number, hizb_number, surah_number, ayah_number) VALUES (29, 8, 3, 171);
INSERT INTO quran_hizb_quarters (quarter_number, hizb_number, surah_number, ayah_number) VALUES (30, 8, 3, 186);
INSERT INTO quran_hizb_quarters (quarter_number, hizb_number, surah_number, ayah_number) VALUES (31, 8, 4, 1);
INSERT INTO quran_hizb_quarters (quarter_number, hizb_number, surah_number, ayah_number) VALUES (32, 8, 4, 12);
INSERT INTO quran_hizb_quarters (quarter_number, hizb_number, surah_number, ayah_number) VALUES (33, 9, 4, 24);
INSERT INTO quran_hizb_quarters (quarter_number, hizb_number, surah_number, ayah_number) VALUES (34, 9, 4, 36);
INSERT INTO quran_hizb_quarters (quarter_number, hizb_number, surah_number, ayah_number) VALUES (35, 9, 4, 58);
INSERT INTO quran_hizb_quarters (quarter_number, hizb_number, surah_number, ayah_number) VALUES (36, 9, 4, 74);
INSERT INTO quran_hizb_quarters (quarter_number, hizb_number, surah_number, ayah_number) VALUES (37, 10, 4, 88);
INSERT INTO quran_hizb_quarters (quarter_number, hizb_number, surah_number, ayah_number) VALUES (38, 10, 4, 100);
INSERT INTO quran_hizb_quarters (quarter_number, hizb_number, surah_number, ayah_number) VALUES (39, 10, 4, 114);
INSERT INTO quran_hizb_quarters (quarter_number, hizb_number, surah_number, ayah_number) VALUES (40, 10, 4, 135);
INSERT INTO quran_hizb_quarters (quarter_number, hizb_number, surah_number, ayah_number) VALUES (41, 11, 4, 148);
INSERT INTO quran_hizb_quarters (quarter_number, hizb_number, surah_number, ayah_number) VALUES (42, 11, 4, 163);
INSERT INTO quran_hizb_quarters (quarter_number, hizb_number, surah_number, ayah_number) VALUES (43, 11, 5, 1);
INSERT INTO quran_hizb_quarters (quarter_number, hizb_number, surah_number, ayah_number) VALUES (44, 11, 5, 12);
INSERT INTO quran_hizb_quarters (quarter_number, hizb_number, surah_number, ayah_number) VALUES (45, 12, 5, 27);
INSERT INTO quran_hizb_quarters (quarter_number, hizb_number, surah_number, ayah_number) VALUES (46, 12, 5, 41);
INSERT INTO quran_hizb_quarters (quarter_number, hizb_number, surah_number, ayah_number) VALUES (47, 12, 5, 51);
INSERT INTO quran_hizb_quarters (quarter_number, hizb_number, surah_number, ayah_number) VALUES (48, 12, 5, 67);
INSERT INTO quran_hizb_quarters (quarter_number, hizb_number, surah_number, ayah_number) VALUES (49, 13, 5, 82);
INSERT INTO quran_hizb_quarters (quarter_number, hizb_number, surah_number, ayah_number) VALUES (50, 13, 5, 97);
INSERT INTO quran_hizb_quarters (quarter_number, hizb_number, surah_number, ayah_number) VALUES (51, 13, 5, 109);
INSERT INTO quran_hizb_quarters (quarter_number, hizb_number, surah_number, ayah_number) VALUES (52, 13, 6, 13);
INSERT INTO quran_hizb_quarters (quarter_number, hizb_number, surah_number, ayah_number) VALUES (53, 14, 6, 36);
INSERT INTO quran_hizb_quarters (quarter_number, hizb_number, surah_number, ayah_number) VALUES (54, 14, 6, 59);
INSERT INTO quran_hizb_quarters (quarter_number, hizb_number, surah_number, ayah_number) VALUES (55, 14, 6, 74);
INSERT INTO quran_hizb_quarters (quarter_number, hizb_number, surah_number, ayah_number) VALUES (56, 14, 6, 95);
INSERT INTO quran_hizb_quarters (quarter_number, hizb_number, surah_number, ayah_number) VALUES (57, 15, 6, 111);
INSERT INTO quran_hizb_quarters (quarter_number, hizb_number, surah_number, ayah_number) VALUES (58, 15, 6, 127);
INSERT INTO quran_hizb_quarters (quarter_number, hizb_number, surah_number, ayah_number) VALUES (59, 15, 6, 141);
INSERT INTO quran_hizb_quarters (quarter_number, hizb_number, surah_number, ayah_number) VALUES (60, 15, 6, 151);
INSERT INTO quran_hizb_quarters (quarter_number, hizb_number, surah_number, ayah_number) VALUES (61, 16, 7, 1);
INSERT INTO quran_hizb_quarters (quarter_number, hizb_number, surah_number, ayah_number) VALUES (62, 16, 7, 31);
INSERT INTO quran_hizb_quarters (quarter_number, hizb_number, surah_number, ayah_number) VALUES (63, 16, 7, 47);
INSERT INTO quran_hizb_quarters (quarter_number, hizb_number, surah_number, ayah_number) VALUES (64, 16, 7, 65);
INSERT INTO quran_hizb_quarters (quarter_number, hizb_number, surah_number, ayah_number) VALUES (65, 17, 7, 88);
INSERT INTO quran_hizb_quarters (quarter_number, hizb_number, surah_number, ayah_number) VALUES (66, 17, 7, 117);
INSERT INTO quran_hizb_quarters (quarter_number, hizb_number, surah_number, ayah_number) VALUES (67, 17, 7, 142);
INSERT INTO quran_hizb_quarters (quarter_number, hizb_number, surah_number, ayah_number) VALUES (68, 17, 7, 156);
INSERT INTO quran_hizb_quarters (quarter_number, hizb_number, surah_number, ayah_number) VALUES (69, 18, 7, 171);
INSERT INTO quran_hizb_quarters (quarter_number, hizb_number, surah_number, ayah_number) VALUES (70, 18, 7, 189);
INSERT INTO quran_hizb_quarters (quarter_number, hizb_number, surah_number, ayah_number) VALUES (71, 18, 8, 1);
INSERT INTO quran_hizb_quarters (quarter_number, hizb_number, surah_number, ayah_number) VALUES (72, 18, 8, 22);
INSERT INTO quran_hizb_quarters (quarter_number, hizb_number, surah_number, ayah_number) VALUES (73, 19, 8, 41);
INSERT INTO quran_hizb_quarters (quarter_number, hizb_number, surah_number, ayah_number) VALUES (74, 19, 8, 61);
INSERT INTO quran_hizb_quarters (quarter_number, hizb_number, surah_number, ayah_number) VALUES (75, 19, 9, 1);
INSERT INTO quran_hizb_quarters (quarter_number, hizb_number, surah_number, ayah_number) VALUES (76, 19, 9, 19);
INSERT INTO quran_hizb_quarters (quarter_number, hizb_number, surah_number, ayah_number) VALUES (77, 20, 9, 34);
INSERT INTO quran_hizb_quarters (quarter_number, hizb_number, surah_number, ayah_number) VALUES (78, 20, 9, 46);
INSERT INTO quran_hizb_quarters (quarter_number, hizb_number, surah_number, ayah_number) VALUES (79, 20, 9, 60);
INSERT INTO quran_hizb_quarters (quarter_number, hizb_number, surah_number, ayah_number) VALUES (80, 20, 9, 75);
INSERT INTO quran_hizb_quarters (quarter_number, hizb_number, surah_number, ayah_number) VALUES (81, 21, 9, 93);
INSERT INTO quran_hizb_quarters (quarter_number, hizb_number, surah_number, ayah_number) VALUES (82, 21, 9, 111);
INSERT INTO quran_hizb_quarters (quarter_number, hizb_number, surah_number, ayah_number) VALUES (83, 21, 9, 122);
INSERT INTO quran_hizb_quarters (quarter_number, hizb_number, surah_number, ayah_number) VALUES (84, 21, 10, 11);
INSERT INTO quran_hizb_quarters (quarter_number, hizb_number, surah_number, ayah_number) VALUES (85, 22, 10, 26);
INSERT INTO quran_hizb_quarters (quarter_number, hizb_number, surah_number, ayah_number) VALUES (86, 22, 10, 53);
INSERT INTO quran_hizb_quarters (quarter_number, hizb_number, surah_number, ayah_number) VALUES (87, 22, 10, 71);
INSERT INTO quran_hizb_quarters (quarter_number, hizb_number, surah_number, ayah_number) VALUES (88, 22, 10, 90);
INSERT INTO quran_hizb_quarters (quarter_number, hizb_number, surah_number, ayah_number) VALUES (89, 23, 11, 6);
INSERT INTO quran_hizb_quarters (quarter_number, hizb_number, surah_number, ayah_number) VALUES (90, 23, 11, 24);
INSERT INTO quran_hizb_quarters (quarter_number, hizb_number, surah_number, ayah_number) VALUES (91, 23, 11, 41);
INSERT INTO quran_hizb_quarters (quarter_number, hizb_number, surah_number, ayah_number) VALUES (92, 23, 11, 61);
INSERT INTO quran_hizb_quarters (quarter_number, hizb_number, surah_number, ayah_number) VALUES (93, 24, 11, 84);
INSERT INTO quran_hizb_quarters (quarter_number, hizb_number, surah_number, ayah_number) VALUES (94, 24, 11, 108);
INSERT INTO quran_hizb_quarters (quarter_number, hizb_number, surah_number, ayah_number) VALUES (95, 24, 12, 7);
INSERT INTO quran_hizb_quarters (quarter_number, hizb_number, surah_number, ayah_number) VALUES (96, 24, 12, 30);
INSERT INTO quran_hizb_quarters (quarter_number, hizb_number, surah_number, ayah_number) VALUES (97, 25, 12, 53);
INSERT INTO quran_hizb_quarters (quarter_number, hizb_number, surah_number, ayah_number) VALUES (98, 25, 12, 77);
INSERT INTO quran_hizb_quarters (quarter_number, hizb_number, surah_number, ayah_number) VALUES (99, 25, 12, 101);
INSERT INTO quran_hizb_quarters (quarter_number, hizb_number, surah_number, ayah_number) VALUES (100, 25, 13, 5);
INSERT INTO quran_hizb_quarters (quarter_number, hizb_number, surah_number, ayah_number) VALUES (101, 26, 13, 19);
INSERT INTO quran_hizb_quarters (quarter_number, hizb_number, surah_number, ayah_number) VALUES (102, 26, 13, 35);
INSERT INTO quran_hizb_quarters (quarter_number, hizb_number, surah_number, ayah_number) VALUES (103, 26, 14, 10);
INSERT INTO quran_hizb_quarters (quarter_number, hizb_number, surah_number, ayah_number) VALUES (104, 26, 14, 28);
INSERT INTO quran_hizb_quarters (quarter_number, hizb_number, surah_number, ayah_number) VALUES (105, 27, 15, 1);
INSERT INTO quran_hizb_quarters (quarter_number, hizb_number, surah_number, ayah_number) VALUES (106, 27, 15, 50);
INSERT INTO quran_hizb_quarters (quarter_number, hizb_number, surah_number, ayah_number) VALUES (107, 27, 16, 1);
INSERT INTO quran_hizb_quarters (quarter_number, hizb_number, surah_number, ayah_number) VALUES (108, 27, 16, 30);
INSERT INTO quran_hizb_quarters (quarter_number, hizb_number, surah_number, ayah_number) VALUES (109, 28, 16, 51);
INSERT INTO quran_hizb_quarters (quarter_number, hizb_number, surah_number, ayah_number) VALUES (110, 28, 16, 75);
INSERT INTO quran_hizb_quarters (quarter_number, hizb_number, surah_number, ayah_number) VALUES (111, 28, 16, 90);
INSERT INTO quran_hizb_quarters (quarter_number, hizb_number, surah_number, ayah_number) VALUES (112, 28, 16, 111);
INSERT INTO quran_hizb_quarters (quarter_number, hizb_number, surah_number, ayah_number) VALUES (113, 29, 17, 1);
INSERT INTO quran_hizb_quarters (quarter_number, hizb_number, surah_number, ayah_number) VALUES (114, 29, 17, 23);
INSERT INTO quran_hizb_quarters (quarter_number, hizb_number, surah_number, ayah_number) VALUES (115, 29, 17, 50);
INSERT INTO quran_hizb_quarters (quarter_number, hizb_number, surah_number, ayah_number) VALUES (116, 29, 17, 70);
INSERT INTO quran_hizb_quarters (quarter_number, hizb_number, surah_number, ayah_number) VALUES (117, 30, 17, 99);
INSERT INTO quran_hizb_quarters (quarter_number, hizb_number, surah_number, ayah_number) VALUES (118, 30, 18, 17);
INSERT INTO quran_hizb_quarters (quarter_number, hizb_number, surah_number, ayah_number) VALUES (119, 30, 18, 32);
INSERT INTO quran_hizb_quarters (quarter_number, hizb_number, surah_number, ayah_number) VALUES (120, 30, 18, 51);
INSERT INTO quran_hizb_quarters (quarter_number, hizb_number, surah_number, ayah_number) VALUES (121, 31, 18, 75);
INSERT INTO quran_hizb_quarters (quarter_number, hizb_number, surah_number, ayah_number) VALUES (122, 31, 18, 99);
INSERT INTO quran_hizb_quarters (quarter_number, hizb_number, surah_number, ayah_number) VALUES (123, 31, 19, 22);
INSERT INTO quran_hizb_quarters (quarter_number, hizb_number, surah_number, ayah_number) VALUES (124, 31, 19, 59);
INSERT INTO quran_hizb_quarters (quarter_number, hizb_number, surah_number, ayah_number) VALUES (125, 32, 20, 1);
INSERT INTO quran_hizb_quarters (quarter_number, hizb_number, surah_number, ayah_number) VALUES (126, 32, 20, 55);
INSERT INTO quran_hizb_quarters (quarter_number, hizb_number, surah_number, ayah_number) VALUES (127, 32, 20, 83);
INSERT INTO quran_hizb_quarters (quarter_number, hizb_number, surah_number, ayah_number) VALUES (128, 32, 20, 111);
INSERT INTO quran_hizb_quarters (quarter_number, hizb_number, surah_number, ayah_number) VALUES (129, 33, 21, 1);
INSERT INTO quran_hizb_quarters (quarter_number, hizb_number, surah_number, ayah_number) VALUES (130, 33, 21, 29);
INSERT INTO quran_hizb_quarters (quarter_number, hizb_number, surah_number, ayah_number) VALUES (131, 33, 21, 51);
INSERT INTO quran_hizb_quarters (quarter_number, hizb_number, surah_number, ayah_number) VALUES (132, 33, 21, 83);
INSERT INTO quran_hizb_quarters (quarter_number, hizb_number, surah_number, ayah_number) VALUES (133, 34, 22, 1);
INSERT INTO quran_hizb_quarters (quarter_number, hizb_number, surah_number, ayah_number) VALUES (134, 34, 22, 19);
INSERT INTO quran_hizb_quarters (quarter_number, hizb_number, surah_number, ayah_number) VALUES (135, 34, 22, 38);
INSERT INTO quran_hizb_quarters (quarter_number, hizb_number, surah_number, ayah_number) VALUES (136, 34, 22, 60);
INSERT INTO quran_hizb_quarters (quarter_number, hizb_number, surah_number, ayah_number) VALUES (137, 35, 23, 1);
INSERT INTO quran_hizb_quarters (quarter_number, hizb_number, surah_number, ayah_number) VALUES (138, 35, 23, 36);
INSERT INTO quran_hizb_quarters (quarter_number, hizb_number, surah_number, ayah_number) VALUES (139, 35, 23, 75);
INSERT INTO quran_hizb_quarters (quarter_number, hizb_number, surah_number, ayah_number) VALUES (140, 35, 24, 1);
INSERT INTO quran_hizb_quarters (quarter_number, hizb_number, surah_number, ayah_number) VALUES (141, 36, 24, 21);
INSERT INTO quran_hizb_quarters (quarter_number, hizb_number, surah_number, ayah_number) VALUES (142, 36, 24, 35);
INSERT INTO quran_hizb_quarters (quarter_number, hizb_number, surah_number, ayah_number) VALUES (143, 36, 24, 53);
INSERT INTO quran_hizb_quarters (quarter_number, hizb_number, surah_number, ayah_number) VALUES (144, 36, 25, 1);
INSERT INTO quran_hizb_quarters (quarter_number, hizb_number, surah_number, ayah_number) VALUES (145, 37, 25, 21);
INSERT INTO quran_hizb_quarters (quarter_number, hizb_number, surah_number, ayah_number) VALUES (146, 37, 25, 53);
INSERT INTO quran_hizb_quarters (quarter_number, hizb_number, surah_number, ayah_number) VALUES (147, 37, 26, 1);
INSERT INTO quran_hizb_quarters (quarter_number, hizb_number, surah_number, ayah_number) VALUES (148, 37, 26, 52);
INSERT INTO quran_hizb_quarters (quarter_number, hizb_number, surah_number, ayah_number) VALUES (149, 38, 26, 111);
INSERT INTO quran_hizb_quarters (quarter_number, hizb_number, surah_number, ayah_number) VALUES (150, 38, 26, 181);
INSERT INTO quran_hizb_quarters (quarter_number, hizb_number, surah_number, ayah_number) VALUES (151, 38, 27, 1);
INSERT INTO quran_hizb_quarters (quarter_number, hizb_number, surah_number, ayah_number) VALUES (152, 38, 27, 27);
INSERT INTO quran_hizb_quarters (quarter_number, hizb_number, surah_number, ayah_number) VALUES (153, 39, 27, 56);
INSERT INTO quran_hizb_quarters (quarter_number, hizb_number, surah_number, ayah_number) VALUES (154, 39, 27, 82);
INSERT INTO quran_hizb_quarters (quarter_number, hizb_number, surah_number, ayah_number) VALUES (155, 39, 28, 12);
INSERT INTO quran_hizb_quarters (quarter_number, hizb_number, surah_number, ayah_number) VALUES (156, 39, 28, 29);
INSERT INTO quran_hizb_quarters (quarter_number, hizb_number, surah_number, ayah_number) VALUES (157, 40, 28, 51);
INSERT INTO quran_hizb_quarters (quarter_number, hizb_number, surah_number, ayah_number) VALUES (158, 40, 28, 76);
INSERT INTO quran_hizb_quarters (quarter_number, hizb_number, surah_number, ayah_number) VALUES (159, 40, 29, 1);
INSERT INTO quran_hizb_quarters (quarter_number, hizb_number, surah_number, ayah_number) VALUES (160, 40, 29, 26);
INSERT INTO quran_hizb_quarters (quarter_number, hizb_number, surah_number, ayah_number) VALUES (161, 41, 29, 46);
INSERT INTO quran_hizb_quarters (quarter_number, hizb_number, surah_number, ayah_number) VALUES (162, 41, 30, 1);
INSERT INTO quran_hizb_quarters (quarter_number, hizb_number, surah_number, ayah_number) VALUES (163, 41, 30, 31);
INSERT INTO quran_hizb_quarters (quarter_number, hizb_number, surah_number, ayah_number) VALUES (164, 41, 30, 54);
INSERT INTO quran_hizb_quarters (quarter_number, hizb_number, surah_number, ayah_number) VALUES (165, 42, 31, 22);
INSERT INTO quran_hizb_quarters (quarter_number, hizb_number, surah_number, ayah_number) VALUES (166, 42, 32, 11);
INSERT INTO quran_hizb_quarters (quarter_number, hizb_number, surah_number, ayah_number) VALUES (167, 42, 33, 1);
INSERT INTO quran_hizb_quarters (quarter_number, hizb_number, surah_number, ayah_number) VALUES (168, 42, 33, 18);
INSERT INTO quran_hizb_quarters (quarter_number, hizb_number, surah_number, ayah_number) VALUES (169, 43, 33, 31);
INSERT INTO quran_hizb_quarters (quarter_number, hizb_number, surah_number, ayah_number) VALUES (170, 43, 33, 51);
INSERT INTO quran_hizb_quarters (quarter_number, hizb_number, surah_number, ayah_number) VALUES (171, 43, 33, 60);
INSERT INTO quran_hizb_quarters (quarter_number, hizb_number, surah_number, ayah_number) VALUES (172, 43, 34, 10);
INSERT INTO quran_hizb_quarters (quarter_number, hizb_number, surah_number, ayah_number) VALUES (173, 44, 34, 24);
INSERT INTO quran_hizb_quarters (quarter_number, hizb_number, surah_number, ayah_number) VALUES (174, 44, 34, 46);
INSERT INTO quran_hizb_quarters (quarter_number, hizb_number, surah_number, ayah_number) VALUES (175, 44, 35, 15);
INSERT INTO quran_hizb_quarters (quarter_number, hizb_number, surah_number, ayah_number) VALUES (176, 44, 35, 41);
INSERT INTO quran_hizb_quarters (quarter_number, hizb_number, surah_number, ayah_number) VALUES (177, 45, 36, 28);
INSERT INTO quran_hizb_quarters (quarter_number, hizb_number, surah_number, ayah_number) VALUES (178, 45, 36, 60);
INSERT INTO quran_hizb_quarters (quarter_number, hizb_number, surah_number, ayah_number) VALUES (179, 45, 37, 22);
INSERT INTO quran_hizb_quarters (quarter_number, hizb_number, surah_number, ayah_number) VALUES (180, 45, 37, 83);
INSERT INTO quran_hizb_quarters (quarter_number, hizb_number, surah_number, ayah_number) VALUES (181, 46, 37, 145);
INSERT INTO quran_hizb_quarters (quarter_number, hizb_number, surah_number, ayah_number) VALUES (182, 46, 38, 21);
INSERT INTO quran_hizb_quarters (quarter_number, hizb_number, surah_number, ayah_number) VALUES (183, 46, 38, 52);
INSERT INTO quran_hizb_quarters (quarter_number, hizb_number, surah_number, ayah_number) VALUES (184, 46, 39, 8);
INSERT INTO quran_hizb_quarters (quarter_number, hizb_number, surah_number, ayah_number) VALUES (185, 47, 39, 32);
INSERT INTO quran_hizb_quarters (quarter_number, hizb_number, surah_number, ayah_number) VALUES (186, 47, 39, 53);
INSERT INTO quran_hizb_quarters (quarter_number, hizb_number, surah_number, ayah_number) VALUES (187, 47, 40, 1);
INSERT INTO quran_hizb_quarters (quarter_number, hizb_number, surah_number, ayah_number) VALUES (188, 47, 40, 21);
INSERT INTO quran_hizb_quarters (quarter_number, hizb_number, surah_number, ayah_number) VALUES (189, 48, 40, 41);
INSERT INTO quran_hizb_quarters (quarter_number, hizb_number, surah_number, ayah_number) VALUES (190, 48, 40, 66);
INSERT INTO quran_hizb_quarters (quarter_number, hizb_number, surah_number, ayah_number) VALUES (191, 48, 41, 9);
INSERT INTO quran_hizb_quarters (quarter_number, hizb_number, surah_number, ayah_number) VALUES (192, 48, 41, 25);
INSERT INTO quran_hizb_quarters (quarter_number, hizb_number, surah_number, ayah_number) VALUES (193, 49, 41, 47);
INSERT INTO quran_hizb_quarters (quarter_number, hizb_number, surah_number, ayah_number) VALUES (194, 49, 42, 13);
INSERT INTO quran_hizb_quarters (quarter_number, hizb_number, surah_number, ayah_number) VALUES (195, 49, 42, 27);
INSERT INTO quran_hizb_quarters (quarter_number, hizb_number, surah_number, ayah_number) VALUES (196, 49, 42, 51);
INSERT INTO quran_hizb_quarters (quarter_number, hizb_number, surah_number, ayah_number) VALUES (197, 50, 43, 24);
INSERT INTO quran_hizb_quarters (quarter_number, hizb_number, surah_number, ayah_number) VALUES (198, 50, 43, 57);
INSERT INTO quran_hizb_quarters (quarter_number, hizb_number, surah_number, ayah_number) VALUES (199, 50, 44, 17);
INSERT INTO quran_hizb_quarters (quarter_number, hizb_number, surah_number, ayah_number) VALUES (200, 50, 45, 12);
INSERT INTO quran_hizb_quarters (quarter_number, hizb_number, surah_number, ayah_number) VALUES (201, 51, 46, 1);
INSERT INTO quran_hizb_quarters (quarter_number, hizb_number, surah_number, ayah_number) VALUES (202, 51, 46, 21);
INSERT INTO quran_hizb_quarters (quarter_number, hizb_number, surah_number, ayah_number) VALUES (203, 51, 47, 10);
INSERT INTO quran_hizb_quarters (quarter_number, hizb_number, surah_number, ayah_number) VALUES (204, 51, 47, 33);
INSERT INTO quran_hizb_quarters (quarter_number, hizb_number, surah_number, ayah_number) VALUES (205, 52, 48, 18);
INSERT INTO quran_hizb_quarters (quarter_number, hizb_number, surah_number, ayah_number) VALUES (206, 52, 49, 1);
INSERT INTO quran_hizb_quarters (quarter_number, hizb_number, surah_number, ayah_number) VALUES (207, 52, 49, 14);
INSERT INTO quran_hizb_quarters (quarter_number, hizb_number, surah_number, ayah_number) VALUES (208, 52, 50, 27);
INSERT INTO quran_hizb_quarters (quarter_number, hizb_number, surah_number, ayah_number) VALUES (209, 53, 51, 31);
INSERT INTO quran_hizb_quarters (quarter_number, hizb_number, surah_number, ayah_number) VALUES (210, 53, 52, 24);
INSERT INTO quran_hizb_quarters (quarter_number, hizb_number, surah_number, ayah_number) VALUES (211, 53, 53, 26);
INSERT INTO quran_hizb_quarters (quarter_number, hizb_number, surah_number, ayah_number) VALUES (212, 53, 54, 9);
INSERT INTO quran_hizb_quarters (quarter_number, hizb_number, surah_number, ayah_number) VALUES (213, 54, 55, 1);
INSERT INTO quran_hizb_quarters (quarter_number, hizb_number, surah_number, ayah_number) VALUES (214, 54, 56, 1);
INSERT INTO quran_hizb_quarters (quarter_number, hizb_number, surah_number, ayah_number) VALUES (215, 54, 56, 75);
INSERT INTO quran_hizb_quarters (quarter_number, hizb_number, surah_number, ayah_number) VALUES (216, 54, 57, 16);
INSERT INTO quran_hizb_quarters (quarter_number, hizb_number, surah_number, ayah_number) VALUES (217, 55, 58, 1);
INSERT INTO quran_hizb_quarters (quarter_number, hizb_number, surah_number, ayah_number) VALUES (218, 55, 58, 14);
INSERT INTO quran_hizb_quarters (quarter_number, hizb_number, surah_number, ayah_number) VALUES (219, 55, 59, 11);
INSERT INTO quran_hizb_quarters (quarter_number, hizb_number, surah_number, ayah_number) VALUES (220, 55, 60, 7);
INSERT INTO quran_hizb_quarters (quarter_number, hizb_number, surah_number, ayah_number) VALUES (221, 56, 62, 1);
INSERT INTO quran_hizb_quarters (quarter_number, hizb_number, surah_number, ayah_number) VALUES (222, 56, 63, 4);
INSERT INTO quran_hizb_quarters (quarter_number, hizb_number, surah_number, ayah_number) VALUES (223, 56, 65, 1);
INSERT INTO quran_hizb_quarters (quarter_number, hizb_number, surah_number, ayah_number) VALUES (224, 56, 66, 1);
INSERT INTO quran_hizb_quarters (quarter_number, hizb_number, surah_number, ayah_number) VALUES (225, 57, 67, 1);
INSERT INTO quran_hizb_quarters (quarter_number, hizb_number, surah_number, ayah_number) VALUES (226, 57, 68, 1);
INSERT INTO quran_hizb_quarters (quarter_number, hizb_number, surah_number, ayah_number) VALUES (227, 57, 69, 1);
INSERT INTO quran_hizb_quarters (quarter_number, hizb_number, surah_number, ayah_number) VALUES (228, 57, 70, 19);
INSERT INTO quran_hizb_quarters (quarter_number, hizb_number, surah_number, ayah_number) VALUES (229, 58, 72, 1);
INSERT INTO quran_hizb_quarters (quarter_number, hizb_number, surah_number, ayah_number) VALUES (230, 58, 73, 20);
INSERT INTO quran_hizb_quarters (quarter_number, hizb_number, surah_number, ayah_number) VALUES (231, 58, 75, 1);
INSERT INTO quran_hizb_quarters (quarter_number, hizb_number, surah_number, ayah_number) VALUES (232, 58, 76, 19);
INSERT INTO quran_hizb_quarters (quarter_number, hizb_number, surah_number, ayah_number) VALUES (233, 59, 78, 1);
INSERT INTO quran_hizb_quarters (quarter_number, hizb_number, surah_number, ayah_number) VALUES (234, 59, 80, 1);
INSERT INTO quran_hizb_quarters (quarter_number, hizb_number, surah_number, ayah_number) VALUES (235, 59, 82, 1);
INSERT INTO quran_hizb_quarters (quarter_number, hizb_number, surah_number, ayah_number) VALUES (236, 59, 84, 1);
INSERT INTO quran_hizb_quarters (quarter_number, hizb_number, surah_number, ayah_number) VALUES (237, 60, 87, 1);
INSERT INTO quran_hizb_quarters (quarter_number, hizb_number, surah_number, ayah_number) VALUES (238, 60, 90, 1);
INSERT INTO quran_hizb_quarters (quarter_number, hizb_number, surah_number, ayah_number) VALUES (239, 60, 94, 1);
INSERT INTO quran_hizb_quarters (quarter_number, hizb_number, surah_number, ayah_number) VALUES (240, 60, 100, 9);

-- Data for quran_rukus
INSERT INTO quran_rukus (surah_number, ayah_number) VALUES (1, 1);
INSERT INTO quran_rukus (surah_number, ayah_number) VALUES (2, 1);
INSERT INTO quran_rukus (surah_number, ayah_number) VALUES (2, 8);
INSERT INTO quran_rukus (surah_number, ayah_number) VALUES (2, 21);
INSERT INTO quran_rukus (surah_number, ayah_number) VALUES (2, 30);
INSERT INTO quran_rukus (surah_number, ayah_number) VALUES (2, 40);
INSERT INTO quran_rukus (surah_number, ayah_number) VALUES (2, 47);
INSERT INTO quran_rukus (surah_number, ayah_number) VALUES (2, 60);
INSERT INTO quran_rukus (surah_number, ayah_number) VALUES (2, 62);
INSERT INTO quran_rukus (surah_number, ayah_number) VALUES (2, 72);
INSERT INTO quran_rukus (surah_number, ayah_number) VALUES (2, 83);
INSERT INTO quran_rukus (surah_number, ayah_number) VALUES (2, 87);
INSERT INTO quran_rukus (surah_number, ayah_number) VALUES (2, 97);
INSERT INTO quran_rukus (surah_number, ayah_number) VALUES (2, 104);
INSERT INTO quran_rukus (surah_number, ayah_number) VALUES (2, 113);
INSERT INTO quran_rukus (surah_number, ayah_number) VALUES (2, 122);
INSERT INTO quran_rukus (surah_number, ayah_number) VALUES (2, 130);
INSERT INTO quran_rukus (surah_number, ayah_number) VALUES (2, 142);
INSERT INTO quran_rukus (surah_number, ayah_number) VALUES (2, 148);
INSERT INTO quran_rukus (surah_number, ayah_number) VALUES (2, 153);
INSERT INTO quran_rukus (surah_number, ayah_number) VALUES (2, 164);
INSERT INTO quran_rukus (surah_number, ayah_number) VALUES (2, 168);
INSERT INTO quran_rukus (surah_number, ayah_number) VALUES (2, 177);
INSERT INTO quran_rukus (surah_number, ayah_number) VALUES (2, 183);
INSERT INTO quran_rukus (surah_number, ayah_number) VALUES (2, 189);
INSERT INTO quran_rukus (surah_number, ayah_number) VALUES (2, 197);
INSERT INTO quran_rukus (surah_number, ayah_number) VALUES (2, 211);
INSERT INTO quran_rukus (surah_number, ayah_number) VALUES (2, 217);
INSERT INTO quran_rukus (surah_number, ayah_number) VALUES (2, 222);
INSERT INTO quran_rukus (surah_number, ayah_number) VALUES (2, 229);
INSERT INTO quran_rukus (surah_number, ayah_number) VALUES (2, 232);
INSERT INTO quran_rukus (surah_number, ayah_number) VALUES (2, 236);
INSERT INTO quran_rukus (surah_number, ayah_number) VALUES (2, 243);
INSERT INTO quran_rukus (surah_number, ayah_number) VALUES (2, 249);
INSERT INTO quran_rukus (surah_number, ayah_number) VALUES (2, 254);
INSERT INTO quran_rukus (surah_number, ayah_number) VALUES (2, 258);
INSERT INTO quran_rukus (surah_number, ayah_number) VALUES (2, 261);
INSERT INTO quran_rukus (surah_number, ayah_number) VALUES (2, 267);
INSERT INTO quran_rukus (surah_number, ayah_number) VALUES (2, 274);
INSERT INTO quran_rukus (surah_number, ayah_number) VALUES (2, 282);
INSERT INTO quran_rukus (surah_number, ayah_number) VALUES (2, 284);
INSERT INTO quran_rukus (surah_number, ayah_number) VALUES (3, 1);
INSERT INTO quran_rukus (surah_number, ayah_number) VALUES (3, 10);
INSERT INTO quran_rukus (surah_number, ayah_number) VALUES (3, 21);
INSERT INTO quran_rukus (surah_number, ayah_number) VALUES (3, 31);
INSERT INTO quran_rukus (surah_number, ayah_number) VALUES (3, 42);
INSERT INTO quran_rukus (surah_number, ayah_number) VALUES (3, 55);
INSERT INTO quran_rukus (surah_number, ayah_number) VALUES (3, 64);
INSERT INTO quran_rukus (surah_number, ayah_number) VALUES (3, 72);
INSERT INTO quran_rukus (surah_number, ayah_number) VALUES (3, 81);
INSERT INTO quran_rukus (surah_number, ayah_number) VALUES (3, 92);
INSERT INTO quran_rukus (surah_number, ayah_number) VALUES (3, 102);
INSERT INTO quran_rukus (surah_number, ayah_number) VALUES (3, 110);
INSERT INTO quran_rukus (surah_number, ayah_number) VALUES (3, 121);
INSERT INTO quran_rukus (surah_number, ayah_number) VALUES (3, 130);
INSERT INTO quran_rukus (surah_number, ayah_number) VALUES (3, 144);
INSERT INTO quran_rukus (surah_number, ayah_number) VALUES (3, 149);
INSERT INTO quran_rukus (surah_number, ayah_number) VALUES (3, 156);
INSERT INTO quran_rukus (surah_number, ayah_number) VALUES (3, 172);
INSERT INTO quran_rukus (surah_number, ayah_number) VALUES (3, 181);
INSERT INTO quran_rukus (surah_number, ayah_number) VALUES (3, 190);
INSERT INTO quran_rukus (surah_number, ayah_number) VALUES (4, 1);
INSERT INTO quran_rukus (surah_number, ayah_number) VALUES (4, 11);
INSERT INTO quran_rukus (surah_number, ayah_number) VALUES (4, 15);
INSERT INTO quran_rukus (surah_number, ayah_number) VALUES (4, 23);
INSERT INTO quran_rukus (surah_number, ayah_number) VALUES (4, 26);
INSERT INTO quran_rukus (surah_number, ayah_number) VALUES (4, 34);
INSERT INTO quran_rukus (surah_number, ayah_number) VALUES (4, 43);
INSERT INTO quran_rukus (surah_number, ayah_number) VALUES (4, 51);
INSERT INTO quran_rukus (surah_number, ayah_number) VALUES (4, 60);
INSERT INTO quran_rukus (surah_number, ayah_number) VALUES (4, 71);
INSERT INTO quran_rukus (surah_number, ayah_number) VALUES (4, 77);
INSERT INTO quran_rukus (surah_number, ayah_number) VALUES (4, 88);
INSERT INTO quran_rukus (surah_number, ayah_number) VALUES (4, 92);
INSERT INTO quran_rukus (surah_number, ayah_number) VALUES (4, 97);
INSERT INTO quran_rukus (surah_number, ayah_number) VALUES (4, 101);
INSERT INTO quran_rukus (surah_number, ayah_number) VALUES (4, 105);
INSERT INTO quran_rukus (surah_number, ayah_number) VALUES (4, 113);
INSERT INTO quran_rukus (surah_number, ayah_number) VALUES (4, 116);
INSERT INTO quran_rukus (surah_number, ayah_number) VALUES (4, 127);
INSERT INTO quran_rukus (surah_number, ayah_number) VALUES (4, 135);
INSERT INTO quran_rukus (surah_number, ayah_number) VALUES (4, 142);
INSERT INTO quran_rukus (surah_number, ayah_number) VALUES (4, 153);
INSERT INTO quran_rukus (surah_number, ayah_number) VALUES (4, 163);
INSERT INTO quran_rukus (surah_number, ayah_number) VALUES (4, 172);
INSERT INTO quran_rukus (surah_number, ayah_number) VALUES (5, 1);
INSERT INTO quran_rukus (surah_number, ayah_number) VALUES (5, 6);
INSERT INTO quran_rukus (surah_number, ayah_number) VALUES (5, 12);
INSERT INTO quran_rukus (surah_number, ayah_number) VALUES (5, 20);
INSERT INTO quran_rukus (surah_number, ayah_number) VALUES (5, 27);
INSERT INTO quran_rukus (surah_number, ayah_number) VALUES (5, 35);
INSERT INTO quran_rukus (surah_number, ayah_number) VALUES (5, 44);
INSERT INTO quran_rukus (surah_number, ayah_number) VALUES (5, 51);
INSERT INTO quran_rukus (surah_number, ayah_number) VALUES (5, 57);
INSERT INTO quran_rukus (surah_number, ayah_number) VALUES (5, 67);
INSERT INTO quran_rukus (surah_number, ayah_number) VALUES (5, 78);
INSERT INTO quran_rukus (surah_number, ayah_number) VALUES (5, 87);
INSERT INTO quran_rukus (surah_number, ayah_number) VALUES (5, 94);
INSERT INTO quran_rukus (surah_number, ayah_number) VALUES (5, 101);
INSERT INTO quran_rukus (surah_number, ayah_number) VALUES (5, 109);
INSERT INTO quran_rukus (surah_number, ayah_number) VALUES (5, 116);
INSERT INTO quran_rukus (surah_number, ayah_number) VALUES (6, 1);
INSERT INTO quran_rukus (surah_number, ayah_number) VALUES (6, 11);
INSERT INTO quran_rukus (surah_number, ayah_number) VALUES (6, 21);
INSERT INTO quran_rukus (surah_number, ayah_number) VALUES (6, 31);
INSERT INTO quran_rukus (surah_number, ayah_number) VALUES (6, 42);
INSERT INTO quran_rukus (surah_number, ayah_number) VALUES (6, 51);
INSERT INTO quran_rukus (surah_number, ayah_number) VALUES (6, 56);
INSERT INTO quran_rukus (surah_number, ayah_number) VALUES (6, 61);
INSERT INTO quran_rukus (surah_number, ayah_number) VALUES (6, 71);
INSERT INTO quran_rukus (surah_number, ayah_number) VALUES (6, 83);
INSERT INTO quran_rukus (surah_number, ayah_number) VALUES (6, 91);
INSERT INTO quran_rukus (surah_number, ayah_number) VALUES (6, 95);
INSERT INTO quran_rukus (surah_number, ayah_number) VALUES (6, 101);
INSERT INTO quran_rukus (surah_number, ayah_number) VALUES (6, 111);
INSERT INTO quran_rukus (surah_number, ayah_number) VALUES (6, 122);
INSERT INTO quran_rukus (surah_number, ayah_number) VALUES (6, 130);
INSERT INTO quran_rukus (surah_number, ayah_number) VALUES (6, 141);
INSERT INTO quran_rukus (surah_number, ayah_number) VALUES (6, 145);
INSERT INTO quran_rukus (surah_number, ayah_number) VALUES (6, 151);
INSERT INTO quran_rukus (surah_number, ayah_number) VALUES (6, 155);
INSERT INTO quran_rukus (surah_number, ayah_number) VALUES (7, 1);
INSERT INTO quran_rukus (surah_number, ayah_number) VALUES (7, 11);
INSERT INTO quran_rukus (surah_number, ayah_number) VALUES (7, 26);
INSERT INTO quran_rukus (surah_number, ayah_number) VALUES (7, 32);
INSERT INTO quran_rukus (surah_number, ayah_number) VALUES (7, 40);
INSERT INTO quran_rukus (surah_number, ayah_number) VALUES (7, 48);
INSERT INTO quran_rukus (surah_number, ayah_number) VALUES (7, 54);
INSERT INTO quran_rukus (surah_number, ayah_number) VALUES (7, 59);
INSERT INTO quran_rukus (surah_number, ayah_number) VALUES (7, 65);
INSERT INTO quran_rukus (surah_number, ayah_number) VALUES (7, 73);
INSERT INTO quran_rukus (surah_number, ayah_number) VALUES (7, 85);
INSERT INTO quran_rukus (surah_number, ayah_number) VALUES (7, 94);
INSERT INTO quran_rukus (surah_number, ayah_number) VALUES (7, 100);
INSERT INTO quran_rukus (surah_number, ayah_number) VALUES (7, 109);
INSERT INTO quran_rukus (surah_number, ayah_number) VALUES (7, 127);
INSERT INTO quran_rukus (surah_number, ayah_number) VALUES (7, 130);
INSERT INTO quran_rukus (surah_number, ayah_number) VALUES (7, 142);
INSERT INTO quran_rukus (surah_number, ayah_number) VALUES (7, 148);
INSERT INTO quran_rukus (surah_number, ayah_number) VALUES (7, 152);
INSERT INTO quran_rukus (surah_number, ayah_number) VALUES (7, 158);
INSERT INTO quran_rukus (surah_number, ayah_number) VALUES (7, 163);
INSERT INTO quran_rukus (surah_number, ayah_number) VALUES (7, 172);
INSERT INTO quran_rukus (surah_number, ayah_number) VALUES (7, 182);
INSERT INTO quran_rukus (surah_number, ayah_number) VALUES (7, 189);
INSERT INTO quran_rukus (surah_number, ayah_number) VALUES (8, 1);
INSERT INTO quran_rukus (surah_number, ayah_number) VALUES (8, 11);
INSERT INTO quran_rukus (surah_number, ayah_number) VALUES (8, 20);
INSERT INTO quran_rukus (surah_number, ayah_number) VALUES (8, 29);
INSERT INTO quran_rukus (surah_number, ayah_number) VALUES (8, 38);
INSERT INTO quran_rukus (surah_number, ayah_number) VALUES (8, 45);
INSERT INTO quran_rukus (surah_number, ayah_number) VALUES (8, 49);
INSERT INTO quran_rukus (surah_number, ayah_number) VALUES (8, 59);
INSERT INTO quran_rukus (surah_number, ayah_number) VALUES (8, 65);
INSERT INTO quran_rukus (surah_number, ayah_number) VALUES (8, 70);
INSERT INTO quran_rukus (surah_number, ayah_number) VALUES (9, 1);
INSERT INTO quran_rukus (surah_number, ayah_number) VALUES (9, 7);
INSERT INTO quran_rukus (surah_number, ayah_number) VALUES (9, 17);
INSERT INTO quran_rukus (surah_number, ayah_number) VALUES (9, 25);
INSERT INTO quran_rukus (surah_number, ayah_number) VALUES (9, 30);
INSERT INTO quran_rukus (surah_number, ayah_number) VALUES (9, 38);
INSERT INTO quran_rukus (surah_number, ayah_number) VALUES (9, 43);
INSERT INTO quran_rukus (surah_number, ayah_number) VALUES (9, 60);
INSERT INTO quran_rukus (surah_number, ayah_number) VALUES (9, 67);
INSERT INTO quran_rukus (surah_number, ayah_number) VALUES (9, 73);
INSERT INTO quran_rukus (surah_number, ayah_number) VALUES (9, 81);
INSERT INTO quran_rukus (surah_number, ayah_number) VALUES (9, 90);
INSERT INTO quran_rukus (surah_number, ayah_number) VALUES (9, 100);
INSERT INTO quran_rukus (surah_number, ayah_number) VALUES (9, 111);
INSERT INTO quran_rukus (surah_number, ayah_number) VALUES (9, 119);
INSERT INTO quran_rukus (surah_number, ayah_number) VALUES (9, 123);
INSERT INTO quran_rukus (surah_number, ayah_number) VALUES (10, 1);
INSERT INTO quran_rukus (surah_number, ayah_number) VALUES (10, 11);
INSERT INTO quran_rukus (surah_number, ayah_number) VALUES (10, 21);
INSERT INTO quran_rukus (surah_number, ayah_number) VALUES (10, 31);
INSERT INTO quran_rukus (surah_number, ayah_number) VALUES (10, 41);
INSERT INTO quran_rukus (surah_number, ayah_number) VALUES (10, 54);
INSERT INTO quran_rukus (surah_number, ayah_number) VALUES (10, 61);
INSERT INTO quran_rukus (surah_number, ayah_number) VALUES (10, 71);
INSERT INTO quran_rukus (surah_number, ayah_number) VALUES (10, 83);
INSERT INTO quran_rukus (surah_number, ayah_number) VALUES (10, 93);
INSERT INTO quran_rukus (surah_number, ayah_number) VALUES (10, 104);
INSERT INTO quran_rukus (surah_number, ayah_number) VALUES (11, 1);
INSERT INTO quran_rukus (surah_number, ayah_number) VALUES (11, 9);
INSERT INTO quran_rukus (surah_number, ayah_number) VALUES (11, 25);
INSERT INTO quran_rukus (surah_number, ayah_number) VALUES (11, 36);
INSERT INTO quran_rukus (surah_number, ayah_number) VALUES (11, 50);
INSERT INTO quran_rukus (surah_number, ayah_number) VALUES (11, 61);
INSERT INTO quran_rukus (surah_number, ayah_number) VALUES (11, 69);
INSERT INTO quran_rukus (surah_number, ayah_number) VALUES (11, 84);
INSERT INTO quran_rukus (surah_number, ayah_number) VALUES (11, 96);
INSERT INTO quran_rukus (surah_number, ayah_number) VALUES (11, 110);
INSERT INTO quran_rukus (surah_number, ayah_number) VALUES (12, 1);
INSERT INTO quran_rukus (surah_number, ayah_number) VALUES (12, 7);
INSERT INTO quran_rukus (surah_number, ayah_number) VALUES (12, 21);
INSERT INTO quran_rukus (surah_number, ayah_number) VALUES (12, 30);
INSERT INTO quran_rukus (surah_number, ayah_number) VALUES (12, 36);
INSERT INTO quran_rukus (surah_number, ayah_number) VALUES (12, 43);
INSERT INTO quran_rukus (surah_number, ayah_number) VALUES (12, 50);
INSERT INTO quran_rukus (surah_number, ayah_number) VALUES (12, 58);
INSERT INTO quran_rukus (surah_number, ayah_number) VALUES (12, 69);
INSERT INTO quran_rukus (surah_number, ayah_number) VALUES (12, 80);
INSERT INTO quran_rukus (surah_number, ayah_number) VALUES (12, 94);
INSERT INTO quran_rukus (surah_number, ayah_number) VALUES (12, 105);
INSERT INTO quran_rukus (surah_number, ayah_number) VALUES (13, 1);
INSERT INTO quran_rukus (surah_number, ayah_number) VALUES (13, 8);
INSERT INTO quran_rukus (surah_number, ayah_number) VALUES (13, 19);
INSERT INTO quran_rukus (surah_number, ayah_number) VALUES (13, 27);
INSERT INTO quran_rukus (surah_number, ayah_number) VALUES (13, 32);
INSERT INTO quran_rukus (surah_number, ayah_number) VALUES (13, 38);
INSERT INTO quran_rukus (surah_number, ayah_number) VALUES (14, 1);
INSERT INTO quran_rukus (surah_number, ayah_number) VALUES (14, 7);
INSERT INTO quran_rukus (surah_number, ayah_number) VALUES (14, 13);
INSERT INTO quran_rukus (surah_number, ayah_number) VALUES (14, 22);
INSERT INTO quran_rukus (surah_number, ayah_number) VALUES (14, 28);
INSERT INTO quran_rukus (surah_number, ayah_number) VALUES (14, 35);
INSERT INTO quran_rukus (surah_number, ayah_number) VALUES (14, 42);
INSERT INTO quran_rukus (surah_number, ayah_number) VALUES (15, 1);
INSERT INTO quran_rukus (surah_number, ayah_number) VALUES (15, 16);
INSERT INTO quran_rukus (surah_number, ayah_number) VALUES (15, 26);
INSERT INTO quran_rukus (surah_number, ayah_number) VALUES (15, 45);
INSERT INTO quran_rukus (surah_number, ayah_number) VALUES (15, 61);
INSERT INTO quran_rukus (surah_number, ayah_number) VALUES (15, 80);
INSERT INTO quran_rukus (surah_number, ayah_number) VALUES (16, 1);
INSERT INTO quran_rukus (surah_number, ayah_number) VALUES (16, 10);
INSERT INTO quran_rukus (surah_number, ayah_number) VALUES (16, 22);
INSERT INTO quran_rukus (surah_number, ayah_number) VALUES (16, 26);
INSERT INTO quran_rukus (surah_number, ayah_number) VALUES (16, 35);
INSERT INTO quran_rukus (surah_number, ayah_number) VALUES (16, 41);
INSERT INTO quran_rukus (surah_number, ayah_number) VALUES (16, 51);
INSERT INTO quran_rukus (surah_number, ayah_number) VALUES (16, 61);
INSERT INTO quran_rukus (surah_number, ayah_number) VALUES (16, 66);
INSERT INTO quran_rukus (surah_number, ayah_number) VALUES (16, 71);
INSERT INTO quran_rukus (surah_number, ayah_number) VALUES (16, 77);
INSERT INTO quran_rukus (surah_number, ayah_number) VALUES (16, 84);
INSERT INTO quran_rukus (surah_number, ayah_number) VALUES (16, 90);
INSERT INTO quran_rukus (surah_number, ayah_number) VALUES (16, 101);
INSERT INTO quran_rukus (surah_number, ayah_number) VALUES (16, 111);
INSERT INTO quran_rukus (surah_number, ayah_number) VALUES (16, 120);
INSERT INTO quran_rukus (surah_number, ayah_number) VALUES (17, 1);
INSERT INTO quran_rukus (surah_number, ayah_number) VALUES (17, 11);
INSERT INTO quran_rukus (surah_number, ayah_number) VALUES (17, 23);
INSERT INTO quran_rukus (surah_number, ayah_number) VALUES (17, 31);
INSERT INTO quran_rukus (surah_number, ayah_number) VALUES (17, 41);
INSERT INTO quran_rukus (surah_number, ayah_number) VALUES (17, 53);
INSERT INTO quran_rukus (surah_number, ayah_number) VALUES (17, 61);
INSERT INTO quran_rukus (surah_number, ayah_number) VALUES (17, 71);
INSERT INTO quran_rukus (surah_number, ayah_number) VALUES (17, 78);
INSERT INTO quran_rukus (surah_number, ayah_number) VALUES (17, 85);
INSERT INTO quran_rukus (surah_number, ayah_number) VALUES (17, 94);
INSERT INTO quran_rukus (surah_number, ayah_number) VALUES (17, 101);
INSERT INTO quran_rukus (surah_number, ayah_number) VALUES (18, 1);
INSERT INTO quran_rukus (surah_number, ayah_number) VALUES (18, 13);
INSERT INTO quran_rukus (surah_number, ayah_number) VALUES (18, 18);
INSERT INTO quran_rukus (surah_number, ayah_number) VALUES (18, 23);
INSERT INTO quran_rukus (surah_number, ayah_number) VALUES (18, 32);
INSERT INTO quran_rukus (surah_number, ayah_number) VALUES (18, 45);
INSERT INTO quran_rukus (surah_number, ayah_number) VALUES (18, 50);
INSERT INTO quran_rukus (surah_number, ayah_number) VALUES (18, 54);
INSERT INTO quran_rukus (surah_number, ayah_number) VALUES (18, 60);
INSERT INTO quran_rukus (surah_number, ayah_number) VALUES (18, 71);
INSERT INTO quran_rukus (surah_number, ayah_number) VALUES (18, 83);
INSERT INTO quran_rukus (surah_number, ayah_number) VALUES (18, 102);
INSERT INTO quran_rukus (surah_number, ayah_number) VALUES (19, 1);
INSERT INTO quran_rukus (surah_number, ayah_number) VALUES (19, 16);
INSERT INTO quran_rukus (surah_number, ayah_number) VALUES (19, 41);
INSERT INTO quran_rukus (surah_number, ayah_number) VALUES (19, 51);
INSERT INTO quran_rukus (surah_number, ayah_number) VALUES (19, 66);
INSERT INTO quran_rukus (surah_number, ayah_number) VALUES (19, 83);
INSERT INTO quran_rukus (surah_number, ayah_number) VALUES (20, 1);
INSERT INTO quran_rukus (surah_number, ayah_number) VALUES (20, 25);
INSERT INTO quran_rukus (surah_number, ayah_number) VALUES (20, 55);
INSERT INTO quran_rukus (surah_number, ayah_number) VALUES (20, 77);
INSERT INTO quran_rukus (surah_number, ayah_number) VALUES (20, 90);
INSERT INTO quran_rukus (surah_number, ayah_number) VALUES (20, 105);
INSERT INTO quran_rukus (surah_number, ayah_number) VALUES (20, 116);
INSERT INTO quran_rukus (surah_number, ayah_number) VALUES (20, 129);
INSERT INTO quran_rukus (surah_number, ayah_number) VALUES (21, 1);
INSERT INTO quran_rukus (surah_number, ayah_number) VALUES (21, 11);
INSERT INTO quran_rukus (surah_number, ayah_number) VALUES (21, 30);
INSERT INTO quran_rukus (surah_number, ayah_number) VALUES (21, 42);
INSERT INTO quran_rukus (surah_number, ayah_number) VALUES (21, 51);
INSERT INTO quran_rukus (surah_number, ayah_number) VALUES (21, 76);
INSERT INTO quran_rukus (surah_number, ayah_number) VALUES (21, 94);
INSERT INTO quran_rukus (surah_number, ayah_number) VALUES (22, 1);
INSERT INTO quran_rukus (surah_number, ayah_number) VALUES (22, 11);
INSERT INTO quran_rukus (surah_number, ayah_number) VALUES (22, 23);
INSERT INTO quran_rukus (surah_number, ayah_number) VALUES (22, 26);
INSERT INTO quran_rukus (surah_number, ayah_number) VALUES (22, 34);
INSERT INTO quran_rukus (surah_number, ayah_number) VALUES (22, 39);
INSERT INTO quran_rukus (surah_number, ayah_number) VALUES (22, 49);
INSERT INTO quran_rukus (surah_number, ayah_number) VALUES (22, 58);
INSERT INTO quran_rukus (surah_number, ayah_number) VALUES (22, 65);
INSERT INTO quran_rukus (surah_number, ayah_number) VALUES (22, 73);
INSERT INTO quran_rukus (surah_number, ayah_number) VALUES (23, 1);
INSERT INTO quran_rukus (surah_number, ayah_number) VALUES (23, 23);
INSERT INTO quran_rukus (surah_number, ayah_number) VALUES (23, 33);
INSERT INTO quran_rukus (surah_number, ayah_number) VALUES (23, 51);
INSERT INTO quran_rukus (surah_number, ayah_number) VALUES (23, 78);
INSERT INTO quran_rukus (surah_number, ayah_number) VALUES (23, 93);
INSERT INTO quran_rukus (surah_number, ayah_number) VALUES (24, 1);
INSERT INTO quran_rukus (surah_number, ayah_number) VALUES (24, 11);
INSERT INTO quran_rukus (surah_number, ayah_number) VALUES (24, 21);
INSERT INTO quran_rukus (surah_number, ayah_number) VALUES (24, 27);
INSERT INTO quran_rukus (surah_number, ayah_number) VALUES (24, 35);
INSERT INTO quran_rukus (surah_number, ayah_number) VALUES (24, 41);
INSERT INTO quran_rukus (surah_number, ayah_number) VALUES (24, 51);
INSERT INTO quran_rukus (surah_number, ayah_number) VALUES (24, 58);
INSERT INTO quran_rukus (surah_number, ayah_number) VALUES (24, 62);
INSERT INTO quran_rukus (surah_number, ayah_number) VALUES (25, 1);
INSERT INTO quran_rukus (surah_number, ayah_number) VALUES (25, 10);
INSERT INTO quran_rukus (surah_number, ayah_number) VALUES (25, 21);
INSERT INTO quran_rukus (surah_number, ayah_number) VALUES (25, 35);
INSERT INTO quran_rukus (surah_number, ayah_number) VALUES (25, 45);
INSERT INTO quran_rukus (surah_number, ayah_number) VALUES (25, 61);
INSERT INTO quran_rukus (surah_number, ayah_number) VALUES (26, 1);
INSERT INTO quran_rukus (surah_number, ayah_number) VALUES (26, 10);
INSERT INTO quran_rukus (surah_number, ayah_number) VALUES (26, 34);
INSERT INTO quran_rukus (surah_number, ayah_number) VALUES (26, 53);
INSERT INTO quran_rukus (surah_number, ayah_number) VALUES (26, 70);
INSERT INTO quran_rukus (surah_number, ayah_number) VALUES (26, 105);
INSERT INTO quran_rukus (surah_number, ayah_number) VALUES (26, 123);
INSERT INTO quran_rukus (surah_number, ayah_number) VALUES (26, 141);
INSERT INTO quran_rukus (surah_number, ayah_number) VALUES (26, 160);
INSERT INTO quran_rukus (surah_number, ayah_number) VALUES (26, 176);
INSERT INTO quran_rukus (surah_number, ayah_number) VALUES (26, 192);
INSERT INTO quran_rukus (surah_number, ayah_number) VALUES (27, 1);
INSERT INTO quran_rukus (surah_number, ayah_number) VALUES (27, 15);
INSERT INTO quran_rukus (surah_number, ayah_number) VALUES (27, 32);
INSERT INTO quran_rukus (surah_number, ayah_number) VALUES (27, 45);
INSERT INTO quran_rukus (surah_number, ayah_number) VALUES (27, 59);
INSERT INTO quran_rukus (surah_number, ayah_number) VALUES (27, 67);
INSERT INTO quran_rukus (surah_number, ayah_number) VALUES (27, 83);
INSERT INTO quran_rukus (surah_number, ayah_number) VALUES (28, 1);
INSERT INTO quran_rukus (surah_number, ayah_number) VALUES (28, 14);
INSERT INTO quran_rukus (surah_number, ayah_number) VALUES (28, 22);
INSERT INTO quran_rukus (surah_number, ayah_number) VALUES (28, 29);
INSERT INTO quran_rukus (surah_number, ayah_number) VALUES (28, 43);
INSERT INTO quran_rukus (surah_number, ayah_number) VALUES (28, 51);
INSERT INTO quran_rukus (surah_number, ayah_number) VALUES (28, 61);
INSERT INTO quran_rukus (surah_number, ayah_number) VALUES (28, 76);
INSERT INTO quran_rukus (surah_number, ayah_number) VALUES (29, 1);
INSERT INTO quran_rukus (surah_number, ayah_number) VALUES (29, 14);
INSERT INTO quran_rukus (surah_number, ayah_number) VALUES (29, 23);
INSERT INTO quran_rukus (surah_number, ayah_number) VALUES (29, 31);
INSERT INTO quran_rukus (surah_number, ayah_number) VALUES (29, 45);
INSERT INTO quran_rukus (surah_number, ayah_number) VALUES (29, 52);
INSERT INTO quran_rukus (surah_number, ayah_number) VALUES (29, 64);
INSERT INTO quran_rukus (surah_number, ayah_number) VALUES (30, 1);
INSERT INTO quran_rukus (surah_number, ayah_number) VALUES (30, 11);
INSERT INTO quran_rukus (surah_number, ayah_number) VALUES (30, 20);
INSERT INTO quran_rukus (surah_number, ayah_number) VALUES (30, 28);
INSERT INTO quran_rukus (surah_number, ayah_number) VALUES (30, 41);
INSERT INTO quran_rukus (surah_number, ayah_number) VALUES (30, 54);
INSERT INTO quran_rukus (surah_number, ayah_number) VALUES (31, 1);
INSERT INTO quran_rukus (surah_number, ayah_number) VALUES (31, 12);
INSERT INTO quran_rukus (surah_number, ayah_number) VALUES (31, 20);
INSERT INTO quran_rukus (surah_number, ayah_number) VALUES (32, 1);
INSERT INTO quran_rukus (surah_number, ayah_number) VALUES (32, 12);
INSERT INTO quran_rukus (surah_number, ayah_number) VALUES (32, 23);
INSERT INTO quran_rukus (surah_number, ayah_number) VALUES (33, 1);
INSERT INTO quran_rukus (surah_number, ayah_number) VALUES (33, 9);
INSERT INTO quran_rukus (surah_number, ayah_number) VALUES (33, 21);
INSERT INTO quran_rukus (surah_number, ayah_number) VALUES (33, 28);
INSERT INTO quran_rukus (surah_number, ayah_number) VALUES (33, 35);
INSERT INTO quran_rukus (surah_number, ayah_number) VALUES (33, 41);
INSERT INTO quran_rukus (surah_number, ayah_number) VALUES (33, 53);
INSERT INTO quran_rukus (surah_number, ayah_number) VALUES (33, 59);
INSERT INTO quran_rukus (surah_number, ayah_number) VALUES (33, 69);
INSERT INTO quran_rukus (surah_number, ayah_number) VALUES (34, 1);
INSERT INTO quran_rukus (surah_number, ayah_number) VALUES (34, 10);
INSERT INTO quran_rukus (surah_number, ayah_number) VALUES (34, 22);
INSERT INTO quran_rukus (surah_number, ayah_number) VALUES (34, 31);
INSERT INTO quran_rukus (surah_number, ayah_number) VALUES (34, 37);
INSERT INTO quran_rukus (surah_number, ayah_number) VALUES (34, 46);
INSERT INTO quran_rukus (surah_number, ayah_number) VALUES (35, 1);
INSERT INTO quran_rukus (surah_number, ayah_number) VALUES (35, 8);
INSERT INTO quran_rukus (surah_number, ayah_number) VALUES (35, 15);
INSERT INTO quran_rukus (surah_number, ayah_number) VALUES (35, 27);
INSERT INTO quran_rukus (surah_number, ayah_number) VALUES (35, 38);
INSERT INTO quran_rukus (surah_number, ayah_number) VALUES (36, 1);
INSERT INTO quran_rukus (surah_number, ayah_number) VALUES (36, 13);
INSERT INTO quran_rukus (surah_number, ayah_number) VALUES (36, 33);
INSERT INTO quran_rukus (surah_number, ayah_number) VALUES (36, 51);
INSERT INTO quran_rukus (surah_number, ayah_number) VALUES (36, 68);
INSERT INTO quran_rukus (surah_number, ayah_number) VALUES (37, 1);
INSERT INTO quran_rukus (surah_number, ayah_number) VALUES (37, 22);
INSERT INTO quran_rukus (surah_number, ayah_number) VALUES (37, 75);
INSERT INTO quran_rukus (surah_number, ayah_number) VALUES (37, 114);
INSERT INTO quran_rukus (surah_number, ayah_number) VALUES (37, 139);
INSERT INTO quran_rukus (surah_number, ayah_number) VALUES (38, 1);
INSERT INTO quran_rukus (surah_number, ayah_number) VALUES (38, 15);
INSERT INTO quran_rukus (surah_number, ayah_number) VALUES (38, 27);
INSERT INTO quran_rukus (surah_number, ayah_number) VALUES (38, 41);
INSERT INTO quran_rukus (surah_number, ayah_number) VALUES (38, 65);
INSERT INTO quran_rukus (surah_number, ayah_number) VALUES (39, 1);
INSERT INTO quran_rukus (surah_number, ayah_number) VALUES (39, 10);
INSERT INTO quran_rukus (surah_number, ayah_number) VALUES (39, 22);
INSERT INTO quran_rukus (surah_number, ayah_number) VALUES (39, 32);
INSERT INTO quran_rukus (surah_number, ayah_number) VALUES (39, 42);
INSERT INTO quran_rukus (surah_number, ayah_number) VALUES (39, 53);
INSERT INTO quran_rukus (surah_number, ayah_number) VALUES (39, 64);
INSERT INTO quran_rukus (surah_number, ayah_number) VALUES (39, 71);
INSERT INTO quran_rukus (surah_number, ayah_number) VALUES (40, 1);
INSERT INTO quran_rukus (surah_number, ayah_number) VALUES (40, 10);
INSERT INTO quran_rukus (surah_number, ayah_number) VALUES (40, 21);
INSERT INTO quran_rukus (surah_number, ayah_number) VALUES (40, 28);
INSERT INTO quran_rukus (surah_number, ayah_number) VALUES (40, 38);
INSERT INTO quran_rukus (surah_number, ayah_number) VALUES (40, 51);
INSERT INTO quran_rukus (surah_number, ayah_number) VALUES (40, 61);
INSERT INTO quran_rukus (surah_number, ayah_number) VALUES (40, 69);
INSERT INTO quran_rukus (surah_number, ayah_number) VALUES (40, 79);
INSERT INTO quran_rukus (surah_number, ayah_number) VALUES (41, 1);
INSERT INTO quran_rukus (surah_number, ayah_number) VALUES (41, 9);
INSERT INTO quran_rukus (surah_number, ayah_number) VALUES (41, 19);
INSERT INTO quran_rukus (surah_number, ayah_number) VALUES (41, 26);
INSERT INTO quran_rukus (surah_number, ayah_number) VALUES (41, 33);
INSERT INTO quran_rukus (surah_number, ayah_number) VALUES (41, 45);
INSERT INTO quran_rukus (surah_number, ayah_number) VALUES (42, 1);
INSERT INTO quran_rukus (surah_number, ayah_number) VALUES (42, 10);
INSERT INTO quran_rukus (surah_number, ayah_number) VALUES (42, 20);
INSERT INTO quran_rukus (surah_number, ayah_number) VALUES (42, 30);
INSERT INTO quran_rukus (surah_number, ayah_number) VALUES (42, 44);
INSERT INTO quran_rukus (surah_number, ayah_number) VALUES (43, 1);
INSERT INTO quran_rukus (surah_number, ayah_number) VALUES (43, 16);
INSERT INTO quran_rukus (surah_number, ayah_number) VALUES (43, 26);
INSERT INTO quran_rukus (surah_number, ayah_number) VALUES (43, 36);
INSERT INTO quran_rukus (surah_number, ayah_number) VALUES (43, 46);
INSERT INTO quran_rukus (surah_number, ayah_number) VALUES (43, 57);
INSERT INTO quran_rukus (surah_number, ayah_number) VALUES (43, 68);
INSERT INTO quran_rukus (surah_number, ayah_number) VALUES (44, 1);
INSERT INTO quran_rukus (surah_number, ayah_number) VALUES (44, 30);
INSERT INTO quran_rukus (surah_number, ayah_number) VALUES (44, 43);
INSERT INTO quran_rukus (surah_number, ayah_number) VALUES (45, 1);
INSERT INTO quran_rukus (surah_number, ayah_number) VALUES (45, 12);
INSERT INTO quran_rukus (surah_number, ayah_number) VALUES (45, 22);
INSERT INTO quran_rukus (surah_number, ayah_number) VALUES (45, 27);
INSERT INTO quran_rukus (surah_number, ayah_number) VALUES (46, 1);
INSERT INTO quran_rukus (surah_number, ayah_number) VALUES (46, 11);
INSERT INTO quran_rukus (surah_number, ayah_number) VALUES (46, 21);
INSERT INTO quran_rukus (surah_number, ayah_number) VALUES (46, 27);
INSERT INTO quran_rukus (surah_number, ayah_number) VALUES (47, 1);
INSERT INTO quran_rukus (surah_number, ayah_number) VALUES (47, 12);
INSERT INTO quran_rukus (surah_number, ayah_number) VALUES (47, 20);
INSERT INTO quran_rukus (surah_number, ayah_number) VALUES (47, 29);
INSERT INTO quran_rukus (surah_number, ayah_number) VALUES (48, 1);
INSERT INTO quran_rukus (surah_number, ayah_number) VALUES (48, 11);
INSERT INTO quran_rukus (surah_number, ayah_number) VALUES (48, 18);
INSERT INTO quran_rukus (surah_number, ayah_number) VALUES (48, 27);
INSERT INTO quran_rukus (surah_number, ayah_number) VALUES (49, 1);
INSERT INTO quran_rukus (surah_number, ayah_number) VALUES (49, 11);
INSERT INTO quran_rukus (surah_number, ayah_number) VALUES (50, 1);
INSERT INTO quran_rukus (surah_number, ayah_number) VALUES (50, 16);
INSERT INTO quran_rukus (surah_number, ayah_number) VALUES (50, 30);
INSERT INTO quran_rukus (surah_number, ayah_number) VALUES (51, 1);
INSERT INTO quran_rukus (surah_number, ayah_number) VALUES (51, 24);
INSERT INTO quran_rukus (surah_number, ayah_number) VALUES (51, 47);
INSERT INTO quran_rukus (surah_number, ayah_number) VALUES (52, 1);
INSERT INTO quran_rukus (surah_number, ayah_number) VALUES (52, 29);
INSERT INTO quran_rukus (surah_number, ayah_number) VALUES (53, 1);
INSERT INTO quran_rukus (surah_number, ayah_number) VALUES (53, 26);
INSERT INTO quran_rukus (surah_number, ayah_number) VALUES (53, 33);
INSERT INTO quran_rukus (surah_number, ayah_number) VALUES (54, 1);
INSERT INTO quran_rukus (surah_number, ayah_number) VALUES (54, 23);
INSERT INTO quran_rukus (surah_number, ayah_number) VALUES (54, 41);
INSERT INTO quran_rukus (surah_number, ayah_number) VALUES (55, 1);
INSERT INTO quran_rukus (surah_number, ayah_number) VALUES (55, 26);
INSERT INTO quran_rukus (surah_number, ayah_number) VALUES (55, 46);
INSERT INTO quran_rukus (surah_number, ayah_number) VALUES (56, 1);
INSERT INTO quran_rukus (surah_number, ayah_number) VALUES (56, 39);
INSERT INTO quran_rukus (surah_number, ayah_number) VALUES (56, 75);
INSERT INTO quran_rukus (surah_number, ayah_number) VALUES (57, 1);
INSERT INTO quran_rukus (surah_number, ayah_number) VALUES (57, 11);
INSERT INTO quran_rukus (surah_number, ayah_number) VALUES (57, 20);
INSERT INTO quran_rukus (surah_number, ayah_number) VALUES (57, 26);
INSERT INTO quran_rukus (surah_number, ayah_number) VALUES (58, 1);
INSERT INTO quran_rukus (surah_number, ayah_number) VALUES (58, 7);
INSERT INTO quran_rukus (surah_number, ayah_number) VALUES (58, 14);
INSERT INTO quran_rukus (surah_number, ayah_number) VALUES (59, 1);
INSERT INTO quran_rukus (surah_number, ayah_number) VALUES (59, 11);
INSERT INTO quran_rukus (surah_number, ayah_number) VALUES (59, 18);
INSERT INTO quran_rukus (surah_number, ayah_number) VALUES (60, 1);
INSERT INTO quran_rukus (surah_number, ayah_number) VALUES (60, 7);
INSERT INTO quran_rukus (surah_number, ayah_number) VALUES (61, 1);
INSERT INTO quran_rukus (surah_number, ayah_number) VALUES (61, 10);
INSERT INTO quran_rukus (surah_number, ayah_number) VALUES (62, 1);
INSERT INTO quran_rukus (surah_number, ayah_number) VALUES (62, 9);
INSERT INTO quran_rukus (surah_number, ayah_number) VALUES (63, 1);
INSERT INTO quran_rukus (surah_number, ayah_number) VALUES (63, 9);
INSERT INTO quran_rukus (surah_number, ayah_number) VALUES (64, 1);
INSERT INTO quran_rukus (surah_number, ayah_number) VALUES (64, 11);
INSERT INTO quran_rukus (surah_number, ayah_number) VALUES (65, 1);
INSERT INTO quran_rukus (surah_number, ayah_number) VALUES (65, 8);
INSERT INTO quran_rukus (surah_number, ayah_number) VALUES (66, 1);
INSERT INTO quran_rukus (surah_number, ayah_number) VALUES (66, 8);
INSERT INTO quran_rukus (surah_number, ayah_number) VALUES (67, 1);
INSERT INTO quran_rukus (surah_number, ayah_number) VALUES (67, 15);
INSERT INTO quran_rukus (surah_number, ayah_number) VALUES (68, 1);
INSERT INTO quran_rukus (surah_number, ayah_number) VALUES (68, 34);
INSERT INTO quran_rukus (surah_number, ayah_number) VALUES (69, 1);
INSERT INTO quran_rukus (surah_number, ayah_number) VALUES (69, 38);
INSERT INTO quran_rukus (surah_number, ayah_number) VALUES (70, 1);
INSERT INTO quran_rukus (surah_number, ayah_number) VALUES (70, 36);
INSERT INTO quran_rukus (surah_number, ayah_number) VALUES (71, 1);
INSERT INTO quran_rukus (surah_number, ayah_number) VALUES (71, 21);
INSERT INTO quran_rukus (surah_number, ayah_number) VALUES (72, 1);
INSERT INTO quran_rukus (surah_number, ayah_number) VALUES (72, 20);
INSERT INTO quran_rukus (surah_number, ayah_number) VALUES (73, 1);
INSERT INTO quran_rukus (surah_number, ayah_number) VALUES (73, 20);
INSERT INTO quran_rukus (surah_number, ayah_number) VALUES (74, 1);
INSERT INTO quran_rukus (surah_number, ayah_number) VALUES (74, 32);
INSERT INTO quran_rukus (surah_number, ayah_number) VALUES (75, 1);
INSERT INTO quran_rukus (surah_number, ayah_number) VALUES (75, 31);
INSERT INTO quran_rukus (surah_number, ayah_number) VALUES (76, 1);
INSERT INTO quran_rukus (surah_number, ayah_number) VALUES (76, 23);
INSERT INTO quran_rukus (surah_number, ayah_number) VALUES (77, 1);
INSERT INTO quran_rukus (surah_number, ayah_number) VALUES (77, 41);
INSERT INTO quran_rukus (surah_number, ayah_number) VALUES (78, 1);
INSERT INTO quran_rukus (surah_number, ayah_number) VALUES (78, 31);
INSERT INTO quran_rukus (surah_number, ayah_number) VALUES (79, 1);
INSERT INTO quran_rukus (surah_number, ayah_number) VALUES (79, 27);
INSERT INTO quran_rukus (surah_number, ayah_number) VALUES (80, 1);
INSERT INTO quran_rukus (surah_number, ayah_number) VALUES (81, 1);
INSERT INTO quran_rukus (surah_number, ayah_number) VALUES (82, 1);
INSERT INTO quran_rukus (surah_number, ayah_number) VALUES (83, 1);
INSERT INTO quran_rukus (surah_number, ayah_number) VALUES (84, 1);
INSERT INTO quran_rukus (surah_number, ayah_number) VALUES (85, 1);
INSERT INTO quran_rukus (surah_number, ayah_number) VALUES (86, 1);
INSERT INTO quran_rukus (surah_number, ayah_number) VALUES (87, 1);
INSERT INTO quran_rukus (surah_number, ayah_number) VALUES (88, 1);
INSERT INTO quran_rukus (surah_number, ayah_number) VALUES (89, 1);
INSERT INTO quran_rukus (surah_number, ayah_number) VALUES (90, 1);
INSERT INTO quran_rukus (surah_number, ayah_number) VALUES (91, 1);
INSERT INTO quran_rukus (surah_number, ayah_number) VALUES (92, 1);
INSERT INTO quran_rukus (surah_number, ayah_number) VALUES (93, 1);
INSERT INTO quran_rukus (surah_number, ayah_number) VALUES (94, 1);
INSERT INTO quran_rukus (surah_number, ayah_number) VALUES (95, 1);
INSERT INTO quran_rukus (surah_number, ayah_number) VALUES (96, 1);
INSERT INTO quran_rukus (surah_number, ayah_number) VALUES (97, 1);
INSERT INTO quran_rukus (surah_number, ayah_number) VALUES (98, 1);
INSERT INTO quran_rukus (surah_number, ayah_number) VALUES (99, 1);
INSERT INTO quran_rukus (surah_number, ayah_number) VALUES (100, 1);
INSERT INTO quran_rukus (surah_number, ayah_number) VALUES (101, 1);
INSERT INTO quran_rukus (surah_number, ayah_number) VALUES (102, 1);
INSERT INTO quran_rukus (surah_number, ayah_number) VALUES (103, 1);
INSERT INTO quran_rukus (surah_number, ayah_number) VALUES (104, 1);
INSERT INTO quran_rukus (surah_number, ayah_number) VALUES (105, 1);
INSERT INTO quran_rukus (surah_number, ayah_number) VALUES (106, 1);
INSERT INTO quran_rukus (surah_number, ayah_number) VALUES (107, 1);
INSERT INTO quran_rukus (surah_number, ayah_number) VALUES (108, 1);
INSERT INTO quran_rukus (surah_number, ayah_number) VALUES (109, 1);
INSERT INTO quran_rukus (surah_number, ayah_number) VALUES (110, 1);
INSERT INTO quran_rukus (surah_number, ayah_number) VALUES (111, 1);
INSERT INTO quran_rukus (surah_number, ayah_number) VALUES (112, 1);
INSERT INTO quran_rukus (surah_number, ayah_number) VALUES (113, 1);
INSERT INTO quran_rukus (surah_number, ayah_number) VALUES (114, 1);

COMMIT;
